difficulty,topics,aj_level,title_ar,title_en,words,unknown,coverage_pct,unknown_per_100,publisher_glossed,tashkeel,video,url
1,travel,Introductory,أَهْلًا بِكُمْ في مَقْهَى الجَزِيرَة (الحلقة 1),welcome to Al Jazeera Cafe,88,8,83.0,17.0,5,Y,Y,https://learning.aljazeera.net/en/languageofmedia/%D8%A3%D9%87%D9%84%D8%A7-%D9%88%D8%B3%D9%87%D9%84%D8%A7-%D8%A8%D9%83%D9%85-%D9%81%D9%8A-%D9%85%D9%82%D9%87%D9%89-%D8%A7%D9%84%D8%AC%D8%B2%D9%8A%D8%B1%D8%A9
1,health,Intermediate,طُولُ الْوُقُوفِ مُضِرٌّ بِالصِّحَّةِ,Standing for long periods harms the health,93,12,87.1,12.9,5,,,https://learning.aljazeera.net/en/languageofmedia/%D8%B7%D9%88%D9%84-%D8%A7%D9%84%D9%88%D9%82%D9%88%D9%81-%D9%85%D8%B6%D8%B1-%D8%A8%D8%A7%D9%84%D8%B5%D8%AD%D8%A9
1,literature|education,Intermediate,مَاذَا تَعْرِفُ عَنْ عُسْرِ الْقِرَاءَةِ؟,What do you know about Dyslexia?,92,15,83.1,16.9,8,Y,,https://learning.aljazeera.net/en/languageofmedia/%D9%85%D8%A7%D8%B0%D8%A7-%D8%AA%D8%B9%D8%B1%D9%81-%D8%B9%D9%86-%D8%B9%D8%B3%D8%B1-%D8%A7%D9%84%D9%82%D8%B1%D8%A7%D8%A1%D8%A9
1,education,Introductory,عُطْلَةُ الْـمَدْرَسَةِ,School vacation,55,8,83.0,17.0,3,Y,Y,https://learning.aljazeera.net/en/generallanguage/%D8%B9%D8%B7%D9%84%D8%A9-%D8%A7%D9%84%D9%85%D8%AF%D8%B1%D8%B3%D8%A9
1,literature|education|technology|economy|culture,Introductory,بَرْنامِجٌ لِتَعْلِيمِ العَربيّة بِإقْلِيمِ نينغشيا,Teaching Arabic in the Ningxia Region,76,10,86.8,13.2,1,,Y,https://learning.aljazeera.net/en/languageofmedia/%D8%A8%D8%B1%D9%86%D8%A7%D9%85%D8%AC-%D9%84%D8%AA%D8%B9%D9%84%D9%8A%D9%85-%D8%A7%D9%84%D8%B9%D8%B1%D8%A8%D9%8A%D8%A9-%D8%A8%D8%A5%D9%82%D9%84%D9%8A%D9%85-%D9%86%D9%8A%D9%86%D8%BA%D8%B4%D9%8A%D8%A7
1,health|education|food,Elementary,كَيْفَ تُحافظُ على وَزْنك في فَصْل الشّتاء؟,How to avoid gaining weight during the winter?,66,10,84.6,15.4,0,Y,,https://learning.aljazeera.net/en/languageofmedia/8-%D8%A3%D8%B3%D8%A8%D8%A7%D8%A8-%D8%AA%D8%B2%D9%8A%D8%AF-%D9%88%D8%B2%D9%86%D9%83-%D9%81%D9%8A-%D9%81%D8%B5%D9%84-%D8%A7%D9%84%D8%B4%D8%AA%D8%A7%D8%A1
1,health,Intermediate,النَّوْمُ قَدْ يُسَاعِدُكَ عَلَى خَفْضِ الْوَزْنِ,Sleep can help you lose weight,81,14,82.5,17.5,1,Y,,https://learning.aljazeera.net/en/languageofmedia/%D8%A7%D9%84%D9%86%D9%88%D9%85-%D9%82%D8%AF-%D9%8A%D8%B3%D8%A7%D8%B9%D8%AF%D9%83-%D8%B9%D9%84%D9%89-%D8%AE%D9%81%D8%B6-%D8%A7%D9%84%D9%88%D8%B2%D9%86
1,food,Introductory,أهْلًا بِكَ فِي مَطْعَمِ بَيْرُوت,Welcome to Beirut Restaurant!,39,2,81.8,18.2,0,Y,Y,https://learning.aljazeera.net/en/generallanguage/%D9%85%D8%B7%D8%B9%D9%85-%D8%A8%D9%8A%D8%B1%D9%88%D8%AA
1,health|society,Intermediate,نَمَطُ حَيَاةٍ صِحِّيٌّ مِن أجْلِ كُلًى سَلِيمَةٍ,Healthy lifestyle for healthy kidneys,29,7,75.9,24.1,3,,,https://learning.aljazeera.net/en/languageofmedia/%D9%86%D9%85%D8%B7-%D8%AD%D9%8A%D8%A7%D8%A9-%D8%B5%D8%AD%D9%8A-%D9%85%D9%86-%D8%A3%D8%AC%D9%84-%D9%83%D9%84%D9%89-%D8%B3%D9%84%D9%8A%D9%85%D8%A9
1,travel,Introductory,تَذْكِرَةُ سَفَرٍ,A (travel) ticket,133,26,79.4,20.6,4,Y,Y,https://learning.aljazeera.net/en/generallanguage/%D8%AA%D8%B0%D9%83%D8%B1%D8%A9-%D8%B3%D9%81%D8%B1
1,travel|society|economy|education|technology|literature,Intermediate,سُوقُ الحُفْرَةِ.. مَقْصِدُ الباحِثِينَ عَن المَعْرِفَةِ بِمَدِينَةِ فَاس,“El-Hafra” souk.. Destination for knowledge seekers in the city of Fes,196,40,78.9,21.1,7,Y,,https://learning.aljazeera.net/en/languageofmedia/%D8%B3%D9%88%D9%82-%D8%A7%D9%84%D8%AD%D9%81%D8%B1%D8%A9-%D9%85%D9%82%D8%B5%D8%AF-%D8%A7%D9%84%D8%A8%D8%A7%D8%AD%D8%AB%D9%8A%D9%86-%D8%B9%D9%86-%D8%A7%D9%84%D9%85%D8%B9%D8%B1%D9%81%D8%A9-%D8%A8%D9%85%D8%AF%D9%8A%D9%86%D8%A9-%D9%81%D8%A7%D8%B3
1,health,Intermediate,النَّوْمُ الْجَيِّدُ يُسَاعِدُ عَلَى خَفْضِ الْوَزْنِ,Sleeping well helps weight loss,106,20,80.8,19.2,1,Y,,https://learning.aljazeera.net/en/languageofmedia/%D8%A7%D9%84%D9%86%D9%88%D9%85-%D8%A7%D9%84%D8%AC%D9%8A%D8%AF-%D9%8A%D8%B3%D8%A7%D8%B9%D8%AF-%D8%B9%D9%84%D9%89-%D8%AE%D9%81%D8%B6-%D8%A7%D9%84%D9%88%D8%B2%D9%86
1,education|travel|literature|technology,Introductory,جامِعَةُ سَلْجُوق تَدَرِّسُ مَوقع الجزيرة لتعلم العربية,Selçuk University uses Al-Jazeera Learning Arabi,39,6,80.0,20.0,0,Y,Y,https://learning.aljazeera.net/en/generallanguage/%D8%AC%D8%A7%D9%85%D8%B9%D8%A9-%D8%B3%D9%84%D8%AC%D9%88%D9%82-%D8%AA%D8%AF%D8%B1%D8%B3-%D9%85%D9%88%D9%82%D8%B9-%D8%A7%D9%84%D8%AC%D8%B2%D9%8A%D8%B1%D8%A9-%D9%84%D8%AA%D8%B9%D9%84%D9%85-%D8%A7%D9%84%D8%B9%D8%B1%D8%A8%D9%8A%D8%A9
1,society|sports,Elementary,الْيَوْمُ الرِّياضِيُّ فِي قَطَرَ,Sports Day in Qatar,77,15,80.5,19.5,3,,,https://learning.aljazeera.net/en/languageofmedia/%D8%A7%D9%84%D9%8A%D9%88%D9%85-%D8%A7%D9%84%D8%B1%D9%8A%D8%A7%D8%B6%D9%8A-%D9%81%D9%8A-%D9%82%D8%B7%D8%B1
1,politics,Intermediate,مُبادَرَةٌ لِإِرْساء السَّلامِ فِي لِيبْيَا,An initiative to establish peace in Libya,73,16,77.8,22.2,3,Y,,https://learning.aljazeera.net/en/languageofmedia/%D9%85%D8%A8%D8%A7%D8%AF%D8%B1%D8%A9-%D9%84%D8%A5%D8%B1%D8%B3%D8%A7%D8%A1-%D8%A7%D9%84%D8%B3%D9%84%D8%A7%D9%85-%D9%81%D9%8A-%D9%84%D9%8A%D8%A8%D9%8A%D8%A7
1,culture|travel|society,Introductory,أَهْلًا بِكُمْ في مَقْهَى الجَزِيرَة مَعَ الفَنّانِ عَبْدِ الفَتّاحِ عوينات,welcome to Al Jazeera Cafe,104,13,79.4,20.6,1,Y,Y,https://learning.aljazeera.net/en/languageofmedia/%D8%A3%D9%87%D9%84%D8%A7-%D8%A8%D9%83%D9%85-%D9%81%D9%8A-%D9%85%D9%82%D9%87%D9%89-%D8%A7%D9%84%D8%AC%D8%B2%D9%8A%D8%B1%D8%A9-%D8%A7%D9%84%D8%AD%D9%84%D9%82%D8%A9-2
1,travel,Introductory,السِّياحَةُ بِالْـمَنازِلِ المُتَحَرِّكَةِ,Caravan tourism,163,27,78.9,21.1,2,Y,Y,https://learning.aljazeera.net/en/languageofmedia/%D8%A7%D9%84%D8%B3%D9%8A%D8%A7%D8%AD%D8%A9-%D8%A8%D8%A7%D9%84%D9%85%D9%86%D8%A7%D8%B2%D9%84-%D8%A7%D9%84%D9%85%D8%AA%D8%AD%D8%B1%D9%83%D8%A9-%D9%81%D9%8A-%D8%A5%D8%B3%D8%A8%D8%A7%D9%86%D9%8A%D8%A7
1,health,Introductory,حَجْزُ مَوْعِدٍ طِبِّيٍّ,Booking an appointment,363,26,75.7,24.3,8,Y,Y,https://learning.aljazeera.net/en/generallanguage/%D8%AD%D8%AC%D8%B2-%D9%85%D9%88%D8%B9%D8%AF-%D8%B7%D8%A8%D9%8A
1,technology,Intermediate,الصِّينُ تَسْتَخْدِمُ الرُّوبوتاتِ قُضاةً,China uses robots as judges,83,15,81.9,18.1,0,,,https://learning.aljazeera.net/en/languageofmedia/%D8%A7%D9%84%D8%B5%D9%8A%D9%86-%D8%AA%D8%B3%D8%AA%D8%AE%D8%AF%D9%85-%D8%A7%D9%84%D8%B1%D9%88%D8%A8%D9%88%D8%AA%D8%A7%D8%AA-%D9%83%D9%82%D8%B6%D8%A7%D8%A9
1,health|food,Elementary,خَمْسُ ‫نَصَائِحَ لِنَوْمٍ مُرِيحٍ,Five tips for a good night’s sleep,27,6,77.8,22.2,1,,,https://learning.aljazeera.net/en/languageofmedia/%D8%AE%D9%85%D8%B3-%D9%86%D8%B5%D8%A7%D8%A6%D8%AD-%D9%84%D9%86%D9%88%D9%85-%D9%85%D8%B1%D9%8A%D8%AD
1,society|education,Introductory,يَوْمِيّاتُ عائِلَةٍ مَغْرِبِيَّةٍ فِي الحَجْرِ المَنْزِلِيّ,The quarantine diaries of a Moroccan family,115,24,73.6,26.4,7,Y,Y,https://learning.aljazeera.net/en/languageofmedia/%D9%8A%D9%88%D9%85%D9%8A%D8%A7%D8%AA-%D8%B9%D8%A7%D8%A6%D9%84%D8%A9-%D9%85%D8%BA%D8%B1%D8%A8%D9%8A%D8%A9-%D9%81%D9%8A-%D8%A7%D9%84%D8%AD%D8%AC%D8%B1-%D8%A7%D9%84%D9%85%D9%86%D8%B2%D9%84%D9%8A
1,health|technology,Intermediate,فَيسْبُوك قَدْ يَكُونُ مُضِرًّا بِصِحَّتِكَ,Facebook can be bad for your health,88,19,78.2,21.8,1,Y,,https://learning.aljazeera.net/en/languageofmedia/%D9%81%D9%8A%D8%B3%D8%A8%D9%88%D9%83-%D9%82%D8%AF-%D9%8A%D9%83%D9%88%D9%86-%D9%85%D8%B6%D8%B1%D8%A7-%D8%A8%D8%B5%D8%AD%D8%AA%D9%83
1,health|science,Intermediate,كَيْفَ تَتَأَكَّدُ من صِحَّةِ الْأَخْبَارِ الطّبّيَّةِ؟,How to check the health news?,78,16,79.5,20.5,2,,,https://learning.aljazeera.net/en/languageofmedia/%D9%83%D9%8A%D9%81-%D8%AA%D8%AA%D8%A3%D9%83%D8%AF-%D9%85%D9%86-%D8%B5%D8%AD%D8%A9-%D8%A7%D9%84%D8%A3%D8%AE%D8%A8%D8%A7%D8%B1-%D8%A7%D9%84%D8%B7%D8%A8%D9%8A%D8%A9
1,health|society|science,Intermediate,طُولُ السَّهَرِ مُضِرٌّ بِالصِّحَّةِ وَالْعُمْرِ,"Staying up late, harmful for health and life",110,24,78.0,22.0,1,Y,,https://learning.aljazeera.net/en/languageofmedia/%D8%B7%D9%88%D9%84-%D8%A7%D9%84%D8%B3%D9%87%D8%B1-%D9%85%D8%B6%D8%B1-%D8%A8%D8%A7%D9%84%D8%B5%D8%AD%D8%A9-%D9%88%D8%A7%D9%84%D8%B9%D9%85%D8%B1
1,health,Intermediate,ما سَبَبُ الدُّوَارِ بَعْدَ النُّهُوضِ مِنَ الفِرَاشِ؟,What causes dizziness after getting out of bed?,101,25,75.0,25.0,5,Y,,https://learning.aljazeera.net/en/languageofmedia/%D9%85%D8%A7-%D8%B3%D8%A8%D8%A8-%D8%A7%D9%84%D8%AF%D9%88%D8%A7%D8%B1-%D8%A8%D8%B9%D8%AF-%D8%A7%D9%84%D9%86%D9%87%D9%88%D8%B6-%D9%85%D9%86-%D8%A7%D9%84%D9%81%D8%B1%D8%A7%D8%B4
1,health,Intermediate,نَصَائِحُ لِـمُواجَهَةِ التَّسْوِيفِ,Tips to overcome procrastination,124,25,79.8,20.2,2,,,https://learning.aljazeera.net/en/languageofmedia/%D9%86%D8%B5%D8%A7%D8%A6%D8%AD-%D9%84%D9%84%D8%AA%D8%BA%D9%84%D8%A8-%D8%B9%D9%84%D9%89-%D8%A7%D9%84%D8%AA%D8%B3%D9%88%D9%8A%D9%81
1,health|technology,Intermediate,جِهَازُ الْمَنَاعَةِ.. دِرْعُ الْجِسْمِ,The immune system: the shield of the body,56,15,72.7,27.3,3,Y,,https://learning.aljazeera.net/en/languageofmedia/%D8%AC%D9%87%D8%A7%D8%B2-%D8%A7%D9%84%D9%85%D9%86%D8%A7%D8%B9%D8%A9-%D8%AF%D8%B1%D8%B9-%D8%A7%D9%84%D8%AC%D8%B3%D9%85
1,society,Introductory,أزهار على أبواب القدس,Flowers at the gates of Al-Quds,132,28,75.4,24.6,4,Y,Y,https://learning.aljazeera.net/en/articles/pages/21786
1,health,Intermediate,مَا هُوَ تَوَهُّمُ الْمَرَضِ؟,What is hypochondria?,80,17,78.8,21.2,2,,,https://learning.aljazeera.net/en/languageofmedia/%D9%85%D8%A7-%D9%87%D9%88-%D8%AA%D9%88%D9%87%D9%85-%D8%A7%D9%84%D9%85%D8%B1%D8%B6
1,culture|literature|travel|religion,Intermediate,رِحْلَةُ الْخَطِّ الْعَرَبِيِّ فِي الصِّينِ,Arabic calligraphy in China,207,49,76.1,23.9,5,Y,,https://learning.aljazeera.net/en/languageofmedia/%D8%B1%D8%AD%D9%84%D8%A9-%D8%A7%D9%84%D8%AE%D8%B7-%D8%A7%D9%84%D8%B9%D8%B1%D8%A8%D9%8A-%D9%81%D9%8A-%D8%A7%D9%84%D8%B5%D9%8A%D9%86
1,health,Intermediate,6 عَلاماتٍ تُنْذِرُ بِالْخَلَلِ الهُرْمُونِيِّ,6 signs of hormonal imbalance,93,19,79.6,20.4,1,,,https://learning.aljazeera.net/en/languageofmedia/6-%D8%B9%D9%84%D8%A7%D9%85%D8%A7%D8%AA-%D8%AA%D9%86%D8%B0%D8%B1-%D8%A8%D8%A7%D9%84%D8%AE%D9%84%D9%84-%D8%A7%D9%84%D9%87%D8%B1%D9%85%D9%88%D9%86%D9%8A
1,literature|politics,Intermediate,اليَوْمُ العَالَمِيُّ لِ​لُّغَةِ العَرَبِيَّةِ,World Arabic Language Day,96,22,76.1,23.9,2,Y,,https://learning.aljazeera.net/en/languageofmedia/%E2%80%8B%D8%A7%D9%84%D9%84%D8%BA%D8%A9-%D8%A7%D9%84%D8%B9%D8%B1%D8%A8%D9%8A%D8%A9-%D9%81%D9%8A-%D9%8A%D9%88%D9%85%D9%87%D8%A7-%D8%A7%D9%84%D8%B9%D8%A7%D9%84%D9%85%D9%8A
1,travel,Introductory,فِي الْفُنْدُق,At the hotel,405,26,78.2,21.8,1,Y,Y,https://learning.aljazeera.net/en/languageofmedia/%D9%81%D9%8A-%D8%A7%D9%84%D9%81%D9%86%D8%AF%D9%82-1
1,economy|society,Intermediate,ارْتِفَاعُ مُعَدَّلَاتِ البِطَالَةِ فِي الْأُرْدُنِّ,Unemployment in Jordan rises to 18%,82,17,79.3,20.7,1,,,https://learning.aljazeera.net/en/languageofmedia/%D8%A7%D8%B1%D8%AA%D9%81%D8%A7%D8%B9-%D9%85%D8%B9%D8%AF%D9%84%D8%A7%D8%AA-%D8%A7%D9%84%D8%A8%D8%B7%D8%A7%D9%84%D8%A9-%D9%81%D9%8A-%D8%A7%D9%84%D8%A3%D8%B1%D8%AF%D9%86
1,health|science,Intermediate,سِتُّ مَعْلُومَاتٍ مَغْلُوطَةٍ عَنِ السَّرَطَانِ,Six myths about cancer that are false,110,24,78.2,21.8,3,,,https://learning.aljazeera.net/en/languageofmedia/%D8%B3%D8%AA-%D9%85%D8%B9%D9%84%D9%88%D9%85%D8%A7%D8%AA-%D9%85%D8%BA%D9%84%D9%88%D8%B7%D8%A9-%D8%B9%D9%86-%D8%A7%D9%84%D8%B3%D8%B1%D8%B7%D8%A7%D9%86
1,religion,Intermediate,رَجُلٌ يُسْلِمُ بِسَمَاعِ الْأَذَانِ,Converted to Islam after hearing Adhan,89,21,76.4,23.6,1,Y,,https://learning.aljazeera.net/en/languageofmedia/%D8%B1%D8%AC%D9%84-%D9%8A%D8%B3%D9%84%D9%85-%D8%A8%D8%B3%D9%85%D8%A7%D8%B9-%D8%A7%D9%84%D8%A3%D8%B0%D8%A7%D9%86
1,education|travel|literature|technology,Intermediate,مَعْهَدُ الجَزيرَةِ لِلْإِعْلامِ يُشارِكُ فِي مُؤْتَمَرِ الدَّوْحَةِ لِلتَّعْلِيمِ,participates in the Doha Education Conference,146,37,73.6,26.4,7,Y,,https://learning.aljazeera.net/en/languageofmedia/%D9%85%D8%B9%D9%87%D8%AF-%D8%A7%D9%84%D8%AC%D8%B2%D9%8A%D8%B1%D8%A9-%D9%84%D9%84%D8%A5%D8%B9%D9%84%D8%A7%D9%85-%D9%8A%D8%B4%D8%A7%D8%B1%D9%83-%D9%81%D9%8A-%D9%85%D8%A4%D8%AA%D9%85%D8%B1-%D8%A7%D9%84%D8%AF%D9%88%D8%AD%D8%A9-%D9%84%D9%84%D8%AA%D8%B9%D9%84%D9%8A%D9%85
1,economy|culture,Intermediate,انْخِفاضُ النّاتِج العَرَبِيّ المَحَلِّيّ الإجْمَالِيّ,The GDP of the Arab countries falls by 10%,79,16,79.7,20.3,0,,,https://learning.aljazeera.net/en/languageofmedia/%D8%A7%D9%86%D8%AE%D9%81%D8%A7%D8%B6-%D8%A7%D9%84%D9%86%D8%A7%D8%AA%D8%AC-%D8%A7%D9%84%D8%B9%D8%B1%D8%A8%D9%8A-%D8%A7%D9%84%D9%85%D8%AD%D9%84%D9%8A-%D8%A7%D9%84%D8%A5%D8%AC%D9%85%D8%A7%D9%84%D9%8A
1,economy,Intermediate,أُوبّك تَجْتَمِعُ لِتَمْدِيدِ تَخْفِيضَاتِ الْإِنْتَاج,OPEC meets to extend production cuts,90,25,71.9,28.1,6,Y,,https://learning.aljazeera.net/en/languageofmedia/%D8%A3%D9%88%D8%A8%D9%83-%D8%AA%D8%AC%D8%AA%D9%85%D8%B9-%D9%84%D8%AA%D9%85%D8%AF%D9%8A%D8%AF-%D8%AA%D8%AE%D9%81%D9%8A%D8%B6%D8%A7%D8%AA-%D8%A7%D9%84%D8%A5%D9%86%D8%AA%D8%A7%D8%AC
1,literature,Intermediate,الْيَوْمُ الْعَالَـمِيُّ لِلُّغَةِ الْعَرَبِيَّةِ,World Arabic Language Day,104,26,74.8,25.2,2,Y,,https://learning.aljazeera.net/en/languageofmedia/%D8%A7%D8%AD%D8%AA%D9%81%D8%A7%D9%84%D8%A7%D8%AA-%D8%B9%D8%A7%D9%84%D9%85%D9%8A%D8%A9-%D8%A8%D9%8A%D9%88%D9%85-%D8%A7%D9%84%D9%84%D8%BA%D8%A9-%D8%A7%D9%84%D8%B9%D8%B1%D8%A8%D9%8A%D8%A9
1,literature|society,Intermediate,فِي بَغْدَادَ.. خَيْرُ جَلِيسٍ لِلشَّبَابِ كِتَاب,"In Baghdad, the best companion is a book",126,31,74.4,25.6,3,Y,,https://learning.aljazeera.net/en/languageofmedia/%D9%81%D9%8A-%D8%A8%D8%BA%D8%AF%D8%A7%D8%AF-%D8%AE%D9%8A%D8%B1-%D8%AC%D9%84%D9%8A%D8%B3-%D9%84%D9%84%D8%B4%D8%A8%D8%A7%D8%A8-%D9%83%D8%AA%D8%A7%D8%A8
1,environment|culture|literature|society,Intermediate,"حَديقةُ ""تامان ميني"" بإندونيسيا مرْآةُ تَنوُّعٍ وثَراء","Indonesia: Taman Mini, a mirror of riches",149,39,73.6,26.4,5,Y,,https://learning.aljazeera.net/en/languageofmedia/%D8%AA%D8%A7%D9%85%D8%A7%D9%86-%D9%85%D9%8A%D9%86%D9%8A-%D8%A8%D8%A5%D9%86%D8%AF%D9%88%D9%86%D9%8A%D8%B3%D9%8A%D8%A7-%D9%85%D8%B1%D8%A2%D8%A9-%D8%AA%D9%86%D9%88%D8%B9-%D9%88%D8%AB%D8%B1%D8%A7%D8%A1
1,technology|travel|literature,Intermediate,مَعْهد الجزيرة لِلإعلام يُطْلق مَوقعه الإلكتروني الجديد,AJ Media Institute inaugurates its new website,131,36,72.1,27.9,7,Y,,https://learning.aljazeera.net/en/languageofmedia/%D9%85%D8%B9%D9%87%D8%AF-%D8%A7%D9%84%D8%AC%D8%B2%D9%8A%D8%B1%D8%A9-%D9%84%D9%84%D8%A5%D8%B9%D9%84%D8%A7%D9%85-%D9%8A%D8%B7%D9%84%D9%82-%D9%85%D9%88%D9%82%D8%B9%D9%87-%D8%A7%D9%84%D8%A5%D9%84%D9%83%D8%AA%D8%B1%D9%88%D9%86%D9%8A-%D8%A7%D9%84%D8%AC%D8%AF%D9%8A%D8%AF
1,culture,Elementary,الْمَتَاحِفُ الْخَاصَّةُ فِي تُرْكِيَا,Private museums in Turkey,63,15,76.2,23.8,1,,,https://learning.aljazeera.net/en/languageofmedia/%D8%A7%D9%84%D9%85%D8%AA%D8%A7%D8%AD%D9%81-%D8%A7%D9%84%D8%AE%D8%A7%D8%B5%D8%A9-%D9%81%D9%8A-%D8%AA%D8%B1%D9%83%D9%8A%D8%A7
1,religion,Intermediate,الْمُسْلِمُونَ يَحْتَفِلُونَ بِعِيدِ الْأَضْحَى,Muslims celebrate Eid-El Adha,51,15,70.0,30.0,3,Y,,https://learning.aljazeera.net/en/languageofmedia/%D8%A7%D9%84%D9%85%D8%B3%D9%84%D9%85%D9%88%D9%86-%D9%8A%D8%AD%D8%AA%D9%81%D9%84%D9%88%D9%86-%D8%A8%D8%B9%D9%8A%D8%AF-%D8%A7%D9%84%D8%A3%D8%B6%D8%AD%D9%89-1
1,society|technology,Introductory,شَقَّةٌ لِلْإِيجارِ,apartment for rent,226,47,73.7,26.3,5,Y,Y,https://learning.aljazeera.net/en/languageofmedia/%D8%A5%D9%8A%D8%AC%D8%A7%D8%B1-%D8%B4%D9%82%D8%A9
1,technology,Elementary,سُتْرَةٌ ذَكِيَّةٌ لِلرِّيَاضِيِّينَ,"A ""smart"" vest for athletes",29,8,72.4,27.6,2,,,https://learning.aljazeera.net/en/languageofmedia/%D8%B3%D8%AA%D8%B1%D8%A9-%D8%B0%D9%83%D9%8A%D8%A9-%D9%84%D9%84%D8%B1%D9%8A%D8%A7%D8%B6%D9%8A%D9%8A%D9%86
1,literature|health|economy,Intermediate,وَفَاةُ الْكَاتِبِ التُّرْكِيِّ يَشَار كَمَال,Death of Turkish author Yasar Kemal,69,19,72.1,27.9,2,Y,,https://learning.aljazeera.net/en/languageofmedia/%D9%88%D9%81%D8%A7%D8%A9-%D8%A7%D9%84%D9%83%D8%A7%D8%AA%D8%A8-%D8%A7%D9%84%D8%AA%D8%B1%D9%83%D9%8A-%D9%8A%D8%B4%D8%A7%D8%B1-%D9%83%D9%85%D8%A7%D9%84
1,literature|society,Intermediate,اللُّغَةُ الْعَرَبِيَّةُ الْفُصْحَى تَتَرَاجَعُ,Classical Arabic losing ground,129,34,73.6,26.4,9,,,https://learning.aljazeera.net/en/languageofmedia/%D8%A7%D9%84%D9%84%D8%BA%D8%A9-%D8%A7%D9%84%D8%B9%D8%B1%D8%A8%D9%8A%D8%A9-%D8%A7%D9%84%D9%81%D8%B5%D8%AD%D9%89-%D8%AA%D8%AA%D8%B1%D8%A7%D8%AC%D8%B9
1,travel,Introductory,فِي مَكْتَبِ الجَوازَات,At the Passport Office,206,18,71.0,29.0,4,Y,Y,https://learning.aljazeera.net/en/generallanguage/%D9%81%D9%8A-%D9%85%D9%83%D8%AA%D8%A8-%D8%A7%D9%84%D8%AC%D9%88%D8%A7%D8%B2%D8%A7%D8%AA
1,economy|society,Introductory,كَيْفَ تُدِيرُ مِيزَانِيّةَ أُسْرَتِك؟,How to manage your family budget?,95,23,73.9,26.1,2,Y,Y,https://learning.aljazeera.net/en/languageofmedia/%D9%83%D9%8A%D9%81-%D8%AA%D8%AF%D9%8A%D8%B1-%D9%85%D9%8A%D8%B2%D8%A7%D9%86%D9%8A%D8%A9-%D8%A3%D8%B3%D8%B1%D8%AA%D9%83
1,technology|society|health|science|food,Intermediate,السَّمَكُ يُحَسِّنُ نَوْمَ الطِّفْلِ وَيَزِيدُ ذَكاءَهُ,Fish improves children’s sleep and intelligence,115,28,74.8,25.2,1,Y,,https://learning.aljazeera.net/en/languageofmedia/%D8%A7%D9%84%D8%B3%D9%85%D9%83-%D9%8A%D8%AD%D8%B3%D9%86-%D9%86%D9%88%D9%85-%D8%A7%D9%84%D8%B7%D9%81%D9%84-%D9%88%D9%8A%D8%B2%D9%8A%D8%AF-%D8%B0%D9%83%D8%A7%D8%A1%D9%87
1,health|technology|society,Intermediate,إِدْمَانُ الْإِنْتَرْنَت,Internet addiction disorder,88,22,74.4,25.6,1,Y,,https://learning.aljazeera.net/en/languageofmedia/%D8%A5%D8%AF%D9%85%D8%A7%D9%86-%D8%A7%D9%84%D8%A5%D9%86%D8%AA%D8%B1%D9%86%D8%AA
1,sports|education|technology|literature,Intermediate,انْطِلَاقُ مُنَاظَرَاتِ قَطَرَ لِلْمَدَارِسِ,Qatardebate launches schools 2018 championship,112,31,72.1,27.9,5,Y,,https://learning.aljazeera.net/en/languageofmedia/%D8%A7%D9%86%D8%B7%D9%84%D8%A7%D9%82-%D9%85%D9%86%D8%A7%D8%B8%D8%B1%D8%A7%D8%AA-%D9%82%D8%B7%D8%B1-%D9%84%D9%84%D9%85%D8%AF%D8%A7%D8%B1%D8%B3
1,technology,Intermediate,القِيَادَةُ أَكْثَر مِن سَاعَتَيْن تُقَلِّلُ الذَّكَاء,Driving more than two hours a day reduces IQ,100,22,78.0,22.0,0,,,https://learning.aljazeera.net/en/languageofmedia/%D8%A7%D9%84%D9%82%D9%8A%D8%A7%D8%AF%D8%A9-%D8%A3%D9%83%D8%AB%D8%B1-%D9%85%D9%86-%D8%B3%D8%A7%D8%B9%D8%AA%D9%8A%D9%86-%D8%AA%D9%82%D9%84%D9%84-%D8%A7%D9%84%D8%B0%D9%83%D8%A7%D8%A1-1
1,politics,Intermediate,الأُمَمُ المُتَّحِدَة تَحْظُرُ الأَسْلِحَة النَّوَوِيّة,United Nations ban nuclear weapons,104,25,76.0,24.0,3,,,https://learning.aljazeera.net/en/languageofmedia/%D8%A7%D9%84%D8%A3%D9%85%D9%85-%D8%A7%D9%84%D9%85%D8%AA%D8%AD%D8%AF%D8%A9-%D8%AA%D8%AD%D8%B8%D8%B1-%D8%A7%D9%84%D8%A3%D8%B3%D9%84%D8%AD%D8%A9-%D8%A7%D9%84%D9%86%D9%88%D9%88%D9%8A%D8%A9
2,technology,Intermediate,كَيْفَ تَخْتَارُ كَلِمَةَ مُرُورٍ آمِنَةً؟,How to choose a secure password?,98,25,74.2,25.8,1,Y,,https://learning.aljazeera.net/en/languageofmedia/%D9%83%D9%8A%D9%81-%D8%AA%D8%AE%D8%AA%D8%A7%D8%B1-%D9%83%D9%84%D9%85%D8%A9-%D9%85%D8%B1%D9%88%D8%B1-%D8%A2%D9%85%D9%86%D8%A9
2,economy,Intermediate,نَسْجُ الزّرابي.. حِرْفَة جزائريّة مُهَدَّدَة بالاندثار,Algerian handicraft weaving risks disappearing,92,21,77.2,22.8,1,,,https://learning.aljazeera.net/en/languageofmedia/%D9%86%D8%B3%D8%AC-%D8%A7%D9%84%D8%B2%D8%B1%D8%A7%D8%A8%D9%8A-%D8%AD%D8%B1%D9%81%D8%A9-%D8%AC%D8%B2%D8%A7%D8%A6%D8%B1%D9%8A%D8%A9-%D9%85%D9%87%D8%AF%D8%AF%D8%A9-%D8%A8%D8%A7%D9%84%D8%A7%D9%86%D8%AF%D8%AB%D8%A7%D8%B1
2,society|economy|travel|food,Introductory,سُوقُ النِّساءِ في مَدِينَةِ بارتن التُّرْكيَّة,"In Turkey, Bartin women market",237,65,72.2,27.8,9,Y,Y,https://learning.aljazeera.net/en/articles/pages/21968
2,economy,Intermediate,حَرْبُ الْعُمْلاتِ تَشْتَعِلُ,The Currencies War is Aflame,101,28,72.0,28.0,4,Y,,https://learning.aljazeera.net/en/languageofmedia/%D8%AD%D8%B1%D8%A8-%D8%A7%D9%84%D8%B9%D9%85%D9%84%D8%A7%D8%AA-%D8%AA%D8%B4%D8%AA%D8%B9%D9%84
2,education|society|science|religion,Introductory,النَّشاطُ يُجَدِّدُ شَبابَ الدِّماغِ,Activity Rejuvenates the Brain,284,69,75.4,24.6,3,Y,Y,https://learning.aljazeera.net/en/languageofmedia/%D8%A7%D9%84%D9%86%D8%B4%D8%A7%D8%B7-%D9%8A%D8%AC%D8%AF%D8%AF-%D8%B4%D8%A8%D8%A7%D8%A8-%D8%A7%D9%84%D8%AF%D9%85%D8%A7%D8%BA
2,science|environment,Intermediate,اكْتِشَافاتٌ عِلمِيّةٌ عَامَ 2015,Summary of scientific discoveries in 2015,93,24,73.9,26.1,1,Y,,https://learning.aljazeera.net/en/languageofmedia/%D8%A7%D9%83%D8%AA%D8%B4%D8%A7%D9%81%D8%A7%D8%AA-%D8%B9%D9%84%D9%85%D9%8A%D8%A9-%D8%B9%D8%A7%D9%85-2015-1
2,culture|literature,Intermediate,عُروضٌ مَسْرَحِيَّةٌ عربِيَّةٌ بِالدَّوحة,Arab theater in Doha,98,26,73.2,26.8,2,Y,,https://learning.aljazeera.net/en/languageofmedia/%D9%85%D9%86%D8%A7%D9%81%D8%B3%D8%A9-%D9%84%D8%B9%D8%B1%D9%88%D8%B6-%D9%85%D8%B3%D8%B1%D8%AD%D9%8A%D8%A9-%D8%B9%D8%B1%D8%A8%D9%8A%D8%A9-%D8%A8%D8%A7%D9%84%D8%AF%D9%88%D8%AD%D8%A9
2,society|technology,Intermediate,فيسبوك يُطْلِقُ مَرْكَزًا لِمُواجَهَةِ الأَزَماتِ,Facebook launches Crisis Response hub,132,31,76.5,23.5,2,,,https://learning.aljazeera.net/en/languageofmedia/%D9%81%D9%8A%D8%B3%D8%A8%D9%88%D9%83-%D9%8A%D8%B7%D9%84%D9%82-%D9%85%D8%B1%D9%83%D8%B2%D8%A7-%D9%84%D9%85%D9%88%D8%A7%D8%AC%D9%87%D8%A9-%D8%A7%D9%84%D8%A3%D8%B2%D9%85%D8%A7%D8%AA
2,culture,Intermediate,أَعْمَالٌ فَنِّيَّةٌ مِنْ بَقَايَا الْكَرْتُونِ,Painting using the remains of cardboards,88,22,73.5,26.5,1,Y,,https://learning.aljazeera.net/en/languageofmedia/%D8%A3%D8%B9%D9%85%D8%A7%D9%84-%D9%81%D9%86%D9%8A%D8%A9-%D9%85%D9%86-%D8%A8%D9%82%D8%A7%D9%8A%D8%A7-%D8%A7%D9%84%D9%83%D8%B1%D8%AA%D9%88%D9%86
2,literature,Intermediate,8 نَصائِحَ لِلتَّخَلُّصِ مِنْ الأَرَقِ,8 Tips to Fight Insomnia,89,23,74.2,25.8,4,,,https://learning.aljazeera.net/en/languageofmedia/8-%D9%86%D8%B5%D8%A7%D8%A6%D8%AD-%D9%84%D9%84%D8%AA%D8%AE%D9%84%D8%B5-%D9%85%D9%86-%D8%A7%D9%84%D8%A3%D8%B1%D9%82
2,health,Intermediate,لِمُقاوَمةِ السَّرطان ضَعُوا الجِرْجيرِ في الثَّلَّاجَة,"To prevent cancer, put the arugula in the fridge",91,25,72.5,27.5,6,,,https://learning.aljazeera.net/en/languageofmedia/%D9%84%D9%85%D9%82%D8%A7%D9%88%D9%85%D8%A9-%D8%A7%D9%84%D8%B3%D8%B1%D8%B7%D8%A7%D9%86-%D8%B6%D8%B9%D9%88%D8%A7-%D8%A7%D9%84%D8%AC%D8%B1%D8%AC%D9%8A%D8%B1-%D8%A8%D8%A7%D9%84%D8%AB%D9%84%D8%A7%D8%AC%D8%A9
2,history|literature|culture,Intermediate,تَارِيخٌ وَأَعْلَامٌ: بَدْر شَاكِر السَّيَّاب,History and personalities: Badr Shakir al-Sayyab,106,29,71.8,28.2,3,Y,,https://learning.aljazeera.net/en/languageofmedia/%D8%AA%D8%A7%D8%B1%D9%8A%D8%AE-%D9%88%D8%A3%D8%B9%D9%84%D8%A7%D9%85-%D8%A8%D8%AF%D8%B1-%D8%B4%D8%A7%D9%83%D8%B1-%D8%A7%D9%84%D8%B3%D9%8A%D8%A7%D8%A8-1
2,sports|travel,Introductory,أهْلًا بِكُمْ في مَقْهَى الجَزيرَةِ مَعَ المُعَلِّقَ خَليل البلوشي,Al-Jazeera Cafe welcomes Khalil Al Balushi,254,55,74.2,25.8,3,Y,Y,https://learning.aljazeera.net/en/languageofmedia/%D9%85%D9%82%D9%87%D9%89-%D8%A7%D9%84%D8%AC%D8%B2%D9%8A%D8%B1%D8%A9-%D9%8A%D8%B3%D8%AA%D8%B6%D9%8A%D9%81-%D8%A7%D9%84%D9%85%D8%B9%D9%84%D9%82-%D8%AE%D9%84%D9%8A%D9%84-%D8%A7%D9%84%D8%A8%D9%84%D9%88%D8%B4%D9%8A
2,history|religion|travel,Intermediate,حَيُّ الْحُسَيْنِ.. هُنَا تَرَكَ التَّارِيخُ ذِكْرَى,Al Hussein... where history has left traces,150,43,70.7,29.3,6,Y,,https://learning.aljazeera.net/en/languageofmedia/%D8%AD%D9%8A-%D8%A7%D9%84%D8%AD%D8%B3%D9%8A%D9%86-%D9%87%D9%86%D8%A7-%D8%AA%D8%B1%D9%83-%D8%A7%D9%84%D8%AA%D8%A7%D8%B1%D9%8A%D8%AE-%D8%B0%D9%83%D8%B1%D9%89-1
2,science,Intermediate,كُوَيْكِبٌ يَسِيرُ بِشَكْلٍ مُدْهِشٍ!,An asteroid with a fascinating trajectory!,78,21,73.1,26.9,4,,,https://learning.aljazeera.net/en/languageofmedia/%D9%83%D9%88%D9%8A%D9%83%D8%A8-%D9%8A%D8%B3%D9%8A%D8%B1-%D8%A8%D8%B4%D9%83%D9%84-%D9%85%D8%AF%D9%87%D8%B4
2,technology,Intermediate,السُّوَيْدُ.. بَلَدٌ اخْتَفَتْ فِيهِ النُّقُودُ,"Sweden, a country where money disappeared",141,37,72.4,27.6,2,Y,,https://learning.aljazeera.net/en/languageofmedia/%D8%A7%D9%84%D8%B3%D9%88%D9%8A%D8%AF-%D8%A8%D9%84%D8%AF-%D8%A7%D8%AE%D8%AA%D9%81%D8%AA-%D9%81%D9%8A%D9%87-%D8%A7%D9%84%D9%86%D9%82%D9%88%D8%AF
2,education,Introductory,المَدْرَسَةُ العائِمَةُ في بَنْغلادِش,Floating school in Bangladesh,244,67,72.0,28.0,5,Y,Y,https://learning.aljazeera.net/en/articles/pages/21919
2,technology,Intermediate,كَيْفَ تُعَيِّنُ وَقْتًا لإِغْلَاق الحاسُوب,How to set a timer to shutdown your computer,127,36,71.7,28.3,9,,,https://learning.aljazeera.net/en/languageofmedia/%D9%83%D9%8A%D9%81-%D8%AA%D8%B9%D9%8A%D9%86-%D9%88%D9%82%D8%AA%D8%A7-%D9%84%D8%A5%D8%BA%D9%84%D8%A7%D9%82-%D8%A7%D9%84%D8%AD%D8%A7%D8%B3%D9%88%D8%A8
2,health|food,Intermediate,فَوَائِدُ الشُّعُورِ بِالرِّضَا,The Benefits of Gratitude,84,26,68.3,31.7,6,Y,,https://learning.aljazeera.net/en/languageofmedia/%D9%81%D9%88%D8%A7%D8%A6%D8%AF-%D8%A7%D9%84%D8%B4%D8%B9%D9%88%D8%B1-%D8%A8%D8%A7%D9%84%D8%B1%D8%B6%D8%A7
2,literature|culture,Intermediate,مَعْرِضُ الكتاب العَرَبِيِّ في إِسْطَنْبُول,Istanbul Arabic Book fair,101,30,69.1,30.9,6,Y,,https://learning.aljazeera.net/en/languageofmedia/%D9%85%D8%B9%D8%B1%D8%B6-%D8%A7%D9%84%D9%83%D8%AA%D8%A7%D8%A8-%D8%A7%D9%84%D8%B9%D8%B1%D8%A8%D9%8A-%D9%81%D9%8A-%D8%A5%D8%B3%D8%B7%D9%86%D8%A8%D9%88%D9%84
2,economy|culture|sports,Intermediate,مُنْتَدَى الْأَعْمَالِ الْعَرَبِي بِتُرْكِيَا,Arab Business Forum in Turkey,131,37,71.1,28.9,4,Y,,https://learning.aljazeera.net/en/languageofmedia/%D9%85%D9%86%D8%AA%D8%AF%D9%89-%D8%A7%D9%84%D8%A3%D8%B9%D9%85%D8%A7%D9%84-%D8%A7%D9%84%D8%B9%D8%B1%D8%A8%D9%8A-%D8%A8%D8%AA%D8%B1%D9%83%D9%8A%D8%A7-1
2,literature|education|sports,Intermediate,"النُّسْخَةُ الثّانِيَةُ مِن مسابقةِ ""شاعِر الرَّسول""","Second edition of the ""Prophet's Poet"" contest",186,40,72.8,27.2,1,Y,,https://learning.aljazeera.net/en/languageofmedia/%D8%A7%D9%84%D9%86%D8%B3%D8%AE%D8%A9-%D8%A7%D9%84%D8%AB%D8%A7%D9%86%D9%8A%D8%A9-%D9%85%D9%86-%D9%85%D8%B3%D8%A7%D8%A8%D9%82%D8%A9-%D8%B4%D8%A7%D8%B9%D8%B1-%D8%A7%D9%84%D8%B1%D8%B3%D9%88%D9%84-1
2,culture|society,Intermediate,تَحْوِيلُ أدَوَاتِ الْقَتْلِ إلَى تُحَفٍ فَنِّيَّةٍ,Transforming killing devices into works of art,145,44,69.2,30.8,8,Y,,https://learning.aljazeera.net/en/languageofmedia/%D8%AA%D8%AD%D9%88%D9%8A%D9%84-%D8%A3%D8%AF%D9%88%D8%A7%D8%AA-%D8%A7%D9%84%D9%82%D8%AA%D9%84-%D8%A5%D9%84%D9%89-%D8%AA%D8%AD%D9%81-%D9%81%D9%86%D9%8A%D8%A9
2,technology|culture,Intermediate,سيَّاراتُ المُسْتَقْبَلِ فِي مَعْرِضٍ بِجَنيف,The cars of the future at the Geneva Show 2017,207,47,71.9,28.1,3,Y,,https://learning.aljazeera.net/en/languageofmedia/%D8%B3%D9%8A%D8%A7%D8%B1%D8%A7%D8%AA-%D8%A7%D9%84%D9%85%D8%B3%D8%AA%D9%82%D8%A8%D9%84-%D9%81%D9%8A-%D9%85%D8%B9%D8%B1%D8%B6-%D8%A8%D8%AC%D9%86%D9%8A%D9%81-1
2,culture|travel,Introductory,أَهْلًا بِكُمْ في مَقْهَى الجَزِيرَةِ مَعَ الخَطَّاطِ راشِد المُهَنَّدِيّ,welcome to Al Jazeera Cafe,58,16,72.4,27.6,2,,Y,https://learning.aljazeera.net/en/languageofmedia/%D8%A3%D9%87%D9%84%D8%A7-%D8%A8%D9%83%D9%85-%D9%81%D9%8A-%D9%85%D9%82%D9%87%D9%89-%D8%A7%D9%84%D8%AC%D8%B2%D9%8A%D8%B1%D8%A9-%D8%A7%D9%84%D8%AD%D9%84%D9%82%D8%A9-3
2,health,Intermediate,مَاذَا تَعْرِفُ عَن اللَّوْزِ؟,What do you know about almonds?,73,18,75.3,24.7,1,,,https://learning.aljazeera.net/en/languageofmedia/%D9%85%D8%A7%D8%B0%D8%A7-%D8%AA%D8%B9%D8%B1%D9%81-%D8%B9%D9%86-%D8%A7%D9%84%D9%84%D9%88%D8%B2
2,politics|sports,Intermediate,فَوْزُ المُعارَضَةِ بِانْتِخاباتِ جاكَرْتَا,The opposition wins Jakarta election,91,23,74.7,25.3,2,,,https://learning.aljazeera.net/en/languageofmedia/%D9%81%D9%88%D8%B2-%D8%A7%D9%84%D9%85%D8%B9%D8%A7%D8%B1%D8%B6%D8%A9-%D8%A8%D8%A7%D9%86%D8%AA%D8%AE%D8%A7%D8%A8%D8%A7%D8%AA-%D8%AC%D8%A7%D9%83%D8%B1%D8%AA%D8%A7
2,education|society|health,Intermediate,دَرْسُ السّعادةِ يَجْذِب الطلّابَ الأمْرِيكِيّينَ,Happiness course attracts Americans students,161,39,75.8,24.2,1,,,https://learning.aljazeera.net/en/languageofmedia/%D8%AF%D8%B1%D8%B3-%D8%A7%D9%84%D8%B3%D8%B9%D8%A7%D8%AF%D8%A9-%D9%8A%D8%AC%D8%B0%D8%A8-%D8%A7%D9%84%D8%B7%D9%84%D8%A7%D8%A8-%D8%A7%D9%84%D8%A3%D9%85%D8%B1%D9%8A%D9%83%D9%8A%D9%8A%D9%86
2,health|society,Intermediate,شِفَاءُ طِفْلٍ مُصَابٍ بِالْإِيدْزِ,A child cured of AIDS,95,24,74.7,25.3,2,,,https://learning.aljazeera.net/en/languageofmedia/%D8%B4%D9%81%D8%A7%D8%A1-%D8%B7%D9%81%D9%84-%D9%85%D8%B5%D8%A7%D8%A8-%D8%A8%D8%A7%D9%84%D8%A5%D9%8A%D8%AF%D8%B2
2,health,Intermediate,الْعَبْقَرِيُّ الطَّرِيفُ,The funny genius!,209,51,75.5,24.5,2,,,https://learning.aljazeera.net/en/generallanguage/%D8%A7%D9%84%D8%B9%D8%A8%D9%82%D8%B1%D9%8A-%D8%A7%D9%84%D8%B7%D8%B1%D9%8A%D9%81
2,science,Intermediate,مَا الَّذِي يُخَبِّئُهُ لَكَ الْمُسْتَقْبَلُ؟,What does the future hold for you?,89,22,75.3,24.7,1,,,https://learning.aljazeera.net/en/languageofmedia/%D9%85%D8%A7-%D8%A7%D9%84%D8%B0%D9%8A-%D9%8A%D8%AE%D8%A8%D8%A6%D9%87-%D9%84%D9%83-%D8%A7%D9%84%D9%85%D8%B3%D8%AA%D9%82%D8%A8%D9%84
2,science,Intermediate,مَا الَّذِي يُخَبِّئُهُ لَكَ الْمُسْتَقْبَلُ؟,What does the future hold for you?,89,22,75.3,24.7,1,,,https://learning.aljazeera.net/en/languageofmedia/%D9%85%D8%A7-%D8%A7%D9%84%D8%B0%D9%8A-%D9%8A%D8%AE%D8%A8%D8%A6%D9%87-%D9%84%D9%83-%D8%A7%D9%84%D9%85%D8%B3%D8%AA%D9%82%D8%A8%D9%84-1
2,health|environment|food|society,Intermediate,كَيْفَ تُمِدُّ جِسْمَكَ بِالْـماءِ بِطَريقَةٍ صَحِيحَةٍ؟,How to properly supply your body with water?,280,75,72.5,27.5,7,Y,,https://learning.aljazeera.net/en/languageofmedia/%D9%83%D9%8A%D9%81-%D8%AA%D9%85%D8%AF-%D8%AC%D8%B3%D9%85%D9%83-%D8%A8%D8%A7%D9%84%D9%85%D8%A7%D8%A1-%D8%A8%D8%B7%D8%B1%D9%8A%D9%82%D8%A9-%D8%B5%D8%AD%D9%8A%D8%AD%D8%A9
2,sports,Introductory,جَوْلَةٌ في مَلاعِبِ كَأْسِ العالَمِ بِدَوْلَةِ قَطَر,A tour of the 2022 World Cup stadiums in Qatar,151,51,65.5,34.5,15,Y,Y,https://learning.aljazeera.net/en/articles/pages/21995
2,health,Intermediate,الرَّجَفَانُ الْأُذَيْنِيُّ . . مَاذَا يَعْنِي؟,Atrial fibrillation .. What is it?,52,15,69.4,30.6,1,Y,,https://learning.aljazeera.net/en/languageofmedia/%D8%A7%D9%84%D8%B1%D8%AC%D9%81%D8%A7%D9%86-%D8%A7%D9%84%D8%A3%D8%B0%D9%8A%D9%86%D9%8A-%D9%85%D8%A7%D8%B0%D8%A7-%D9%8A%D8%B9%D9%86%D9%8A
2,politics,Intermediate,مُشاوَراتٌ بِجَنِيف لِحِمايَةِ الصَّحَفِيِّين,Geneva:consultations over journalists protection,88,22,75.0,25.0,1,,,https://learning.aljazeera.net/en/languageofmedia/%D9%85%D8%B4%D8%A7%D9%88%D8%B1%D8%A7%D8%AA-%D8%A8%D8%AC%D9%86%D9%8A%D9%81-%D9%84%D8%AD%D9%85%D8%A7%D9%8A%D8%A9-%D8%A7%D9%84%D8%B5%D8%AD%D9%81%D9%8A%D9%8A%D9%86
2,economy,Intermediate,الْجَزَائِرُ تَطْرَحُ سَنَدَاتٍ بِدُونِ فَوَائِدَ,Algeria launches interest-free bonds,83,25,69.9,30.1,7,,,https://learning.aljazeera.net/en/languageofmedia/%D8%A7%D9%84%D8%AC%D8%B2%D8%A7%D8%A6%D8%B1-%D8%AA%D8%B7%D8%B1%D8%AD-%D8%B3%D9%86%D8%AF%D8%A7%D8%AA-%D8%A8%D8%AF%D9%88%D9%86-%D9%81%D9%88%D8%A7%D8%A6%D8%AF
2,politics,Intermediate,بَرْلَمانُ كُوسُوفُو يُطِيحُ بِالْحُكُومَةِ,Kosovo’s Parliament ousts government,71,21,70.4,29.6,2,Y,,https://learning.aljazeera.net/en/languageofmedia/%D8%A8%D8%B1%D9%84%D9%85%D8%A7%D9%86-%D9%83%D9%88%D8%B3%D9%88%D9%81%D9%88-%D9%8A%D8%B7%D9%8A%D8%AD-%D8%A8%D8%A7%D9%84%D8%AD%D9%83%D9%88%D9%85%D8%A9
2,culture|religion,Intermediate,مَعْرِضٌ قَطَرِيّ حَوْلَ حُقُوقِ الإنْسانِ في بِرْلِينَ,A Qatari exhibition on Human rights in Berlin,104,26,75.0,25.0,1,,,https://learning.aljazeera.net/en/languageofmedia/%D9%85%D8%B9%D8%B1%D8%B6-%D9%82%D8%B7%D8%B1%D9%8A-%D8%AD%D9%88%D9%84-%D8%AD%D9%82%D9%88%D9%82-%D8%A7%D9%84%D8%A5%D9%86%D8%B3%D8%A7%D9%86-%D9%81%D9%8A-%D8%A8%D8%B1%D9%84%D9%8A%D9%86-1
2,economy,Intermediate,النّفْطُ العِراقِيُّ يَتَدَفَّقُ إِلَى الأُرْدُنّ,Iraqi oil flows into Jordan,98,26,72.3,27.7,0,Y,,https://learning.aljazeera.net/en/languageofmedia/%D8%A7%D9%84%D9%86%D9%81%D8%B7-%D8%A7%D9%84%D8%B9%D8%B1%D8%A7%D9%82%D9%8A-%D9%8A%D8%AA%D8%AF%D9%81%D9%82-%D8%A5%D9%84%D9%89-%D8%A7%D9%84%D8%B9%D8%B1%D8%A7%D9%82
2,history,Intermediate,صِنَاعَةُ الْعُكَّازَاتِ مِنْ قُرُونِ الْمَوَاشِي,Making crutches from cattle horns,99,28,70.8,29.2,2,Y,,https://learning.aljazeera.net/en/languageofmedia/%D8%B5%D9%86%D8%A7%D8%B9%D8%A9-%D8%A7%D9%84%D8%B9%D9%83%D8%A7%D8%B2%D8%A7%D8%AA-%D9%85%D9%86-%D9%82%D8%B1%D9%88%D9%86-%D8%A7%D9%84%D9%85%D9%88%D8%A7%D8%B4%D9%8A
2,sports|health|culture,Introductory,سيلات.. رياضةُ الرُّوحِ والعَقْلِ في إندونيسيا,"Silat, an Indonesian martial art",139,36,74.1,25.9,3,,Y,https://learning.aljazeera.net/en/languageofmedia/%D8%B3%D9%8A%D9%84%D8%A7%D8%AA-%D8%B1%D9%8A%D8%A7%D8%B6%D8%A9-%D8%A7%D9%84%D8%B1%D9%88%D8%AD-%D9%88%D8%A7%D9%84%D8%B9%D9%82%D9%84-%D9%81%D9%8A-%D8%A5%D9%86%D8%AF%D9%88%D9%86%D9%8A%D8%B3%D9%8A%D8%A7
2,technology|sports,Elementary,مَزَايَا مُشَغِّلِ الْوَسَائِطِ في. أل. سي,The advantages of vlc media player,81,20,74.7,25.3,1,,,https://learning.aljazeera.net/en/languageofmedia/%D9%85%D8%B2%D8%A7%D9%8A%D8%A7-%D9%85%D8%B4%D8%BA%D9%84-%D8%A7%D9%84%D9%88%D8%B3%D8%A7%D8%A6%D8%B7-%D9%81%D9%8A-%D8%A3%D9%84-%D8%B3%D9%8A
2,education|society,Intermediate,نَصائِحُ لِتَعَلُّمِ اللُّغَاتِ الأَجْنَبِيَّةِ,Tips for learning foreign languages,337,84,73.8,26.2,0,Y,,https://learning.aljazeera.net/en/languageofmedia/%D9%86%D8%B5%D8%A7%D8%A6%D8%AD-%D9%84%D8%AA%D8%B9%D9%84%D9%85-%D8%A7%D9%84%D9%84%D8%BA%D8%A7%D8%AA-%D8%A7%D9%84%D8%A3%D8%AC%D9%86%D8%A8%D9%8A%D8%A9
2,sports|religion|science,Intermediate,تُورَانُ نَجْمٌ في الْكُرةِ ومُسْلِمٌ مُلْتَزِم,Turan: a football star and a practicing Muslim,89,24,73.0,27.0,3,,,https://learning.aljazeera.net/en/languageofmedia/%D8%AA%D9%88%D8%B1%D8%A7%D9%86-%D9%86%D8%AC%D9%85-%D9%81%D9%8A-%D8%A7%D9%84%D9%83%D8%B1%D8%A9-%D9%88%D9%85%D8%B3%D9%84%D9%85-%D9%85%D9%84%D8%AA%D8%B2%D9%85
2,health|education|food,Intermediate,نَصائِحُ لِتَقْوِيَةِ المَـناعَةِ في فَصْلِ الخَرِيف,Tips to boost immunity during fall season,197,62,68.0,32.0,11,Y,,https://learning.aljazeera.net/en/articles/pages/21923
2,technology|travel|literature,Introductory,إِنْجازاتُ الجَزيرَةِ خِلالَ 23 عامًا,Al Jazeera achievements during 23 years,210,55,73.7,26.3,5,,Y,https://learning.aljazeera.net/en/languageofmedia/%D8%A5%D9%86%D8%AC%D8%A7%D8%B2%D8%A7%D8%AA-%D9%82%D9%86%D8%A7%D8%A9-%D8%A7%D9%84%D8%AC%D8%B2%D9%8A%D8%B1%D8%A9-%D8%AE%D9%84%D8%A7%D9%84-23-%D8%B9%D8%A7%D9%85%D8%A7
2,technology,Intermediate,ابْتِكاراتٌ جَدِيدَةٌ فِي قِمَّةِ لِشْبُونَة لِلإنتَرنت,New innovations at the Lisbon Web Summit,99,29,69.8,30.2,3,Y,,https://learning.aljazeera.net/en/languageofmedia/%D8%A7%D8%A8%D8%AA%D9%83%D8%A7%D8%B1%D8%A7%D8%AA-%D8%AC%D8%AF%D9%8A%D8%AF%D8%A9-%D9%81%D9%8A-%D9%82%D9%85%D8%A9-%D9%84%D8%B4%D8%A8%D9%88%D9%86%D8%A9-%D9%84%D9%84%D8%A5%D9%86%D8%AA%D8%B1%D9%86%D8%AA
2,science|education,Intermediate,تَأْسِيسُ مَرْكَزِ أَبْحَاثٍ عَن القُدْسِ فِي تُرْكِيَا,"In Turkey, 1st research center on Jerusalem",134,38,71.4,28.6,1,Y,,https://learning.aljazeera.net/en/languageofmedia/%D8%AA%D8%A3%D8%B3%D9%8A%D8%B3-%D9%85%D8%B1%D9%83%D8%B2-%D8%A3%D8%A8%D8%AD%D8%A7%D8%AB-%D8%B9%D9%86-%D8%A7%D9%84%D9%82%D8%AF%D8%B3-%D9%81%D9%8A-%D8%AA%D8%B1%D9%83%D9%8A%D8%A7
2,technology|travel|economy,Intermediate,السُّعُودِيَّةُ تَحْتَضِنُ مِهْرَجانًا لِمَوْقِع يوتيوب,Saudi Arabia hosts youtube FanFest,126,33,73.6,26.4,3,,,https://learning.aljazeera.net/en/languageofmedia/%D8%A7%D9%84%D8%B3%D8%B9%D9%88%D8%AF%D9%8A%D8%A9-%D8%AA%D8%AD%D8%AA%D8%B6%D9%86-%D9%85%D9%87%D8%B1%D8%AC%D8%A7%D9%86%D8%A7-%D9%84%D9%85%D9%88%D9%82%D8%B9-%D9%8A%D9%88%D8%AA%D9%8A%D9%88%D8%A8
2,literature|culture,Intermediate,مَعْرِضانِ لِلْكِتابِ الْعَرَبِي فِي إسْطَنْبُول,Two Arabic book fairs in Istanbul,198,46,71.2,28.8,1,Y,,https://learning.aljazeera.net/en/languageofmedia/%D9%85%D8%B9%D8%B1%D8%B6%D8%A7%D9%86-%D9%84%D9%84%D9%83%D8%AA%D8%A7%D8%A8-%D8%A7%D9%84%D8%B9%D8%B1%D8%A8%D9%8A-%D9%81%D9%8A-%D8%A5%D8%B3%D8%B7%D9%86%D8%A8%D9%88%D9%84
2,technology|literature,Elementary,أمازون تُصْدِرُ قارِئًا إِلِكترُونيًّا مُقاومًا للْمَاء,Amazon’s new Kindle Oasis is waterproof,104,31,69.6,30.4,3,Y,,https://learning.aljazeera.net/en/languageofmedia/%D8%A3%D9%85%D8%A7%D8%B2%D9%88%D9%86-%D8%AA%D8%B5%D8%AF%D8%B1-%D9%82%D8%A7%D8%B1%D8%A6%D8%A7-%D8%A5%D9%84%D9%83%D8%AA%D8%B1%D9%88%D9%86%D9%8A%D8%A7-%D9%85%D9%82%D8%A7%D9%88%D9%85%D8%A7-%D9%84%D9%84%D9%85%D8%A7%D8%A1
2,technology,Intermediate,غوغل يَدْعَمُ الصُّوَرَ بِاسْتِخْدام الذَّكاءِ الاصْطِناعيّ,Google Photos enhanced by the AI,77,22,71.4,28.6,4,,,https://learning.aljazeera.net/en/languageofmedia/%D8%A7%D8%B3%D8%AA%D8%AE%D8%AF%D8%A7%D9%85-%D8%A7%D9%84%D8%B0%D9%83%D8%A7%D8%A1-%D8%A7%D9%84%D8%A7%D8%B5%D8%B7%D9%86%D8%A7%D8%B9%D9%8A-%D9%84%D8%AF%D8%B9%D9%85-%D8%B5%D9%88%D8%B1-%D8%BA%D9%88%D8%BA%D9%84
2,economy|politics,Intermediate,أسْعَارُ النَّفْطِ تَرْتَفِعُ فَوْقَ 50 دُولَارًا,Oil prices back above $ 50,78,23,70.5,29.5,5,,,https://learning.aljazeera.net/en/languageofmedia/%D8%A3%D8%B3%D8%B9%D8%A7%D8%B1-%D8%A7%D9%84%D9%86%D9%81%D8%B7-%D8%AA%D8%B1%D8%AA%D9%81%D8%B9-%D9%81%D9%88%D9%82-50-%D8%AF%D9%88%D9%84%D8%A7%D8%B1%D8%A7
2,environment,Intermediate,كُسُوفٌ حَلْقِيٌّ لِلشَّمْسِ فِي أفْرِيقْيَا,An annular solar eclipse in Africa,77,20,74.0,26.0,1,,,https://learning.aljazeera.net/en/languageofmedia/%D9%83%D8%B3%D9%88%D9%81-%D8%AD%D9%84%D9%82%D9%8A-%D9%84%D9%84%D8%B4%D9%85%D8%B3-%D9%81%D9%8A-%D8%A3%D9%81%D8%B1%D9%8A%D9%82%D9%8A%D8%A7
2,literature|education|society,Introductory,قِصَصٌ تَعْلِيمِيَّةٌ لِلأَطْفالِ,Educational stories for children,144,43,69.5,30.5,4,Y,Y,https://learning.aljazeera.net/en/languageofmedia/%D9%82%D8%B5%D8%B5-%D8%AA%D8%B9%D9%84%D9%8A%D9%85%D9%8A%D8%A9-%D9%84%D9%84%D8%A3%D8%B7%D9%81%D8%A7%D9%84
2,literature|education,Elementary,مُسَابَقَةٌ لِلتَّشْجِيعِ عَلَى الْقِرَاءَةِ بمالِيزيَا,A competition to promote reading in Malaysia,56,15,73.2,26.8,0,,,https://learning.aljazeera.net/en/languageofmedia/%D9%85%D8%B3%D8%A7%D8%A8%D9%82%D8%A9-%D9%84%D9%84%D8%AA%D8%B4%D8%AC%D9%8A%D8%B9-%D8%B9%D9%84%D9%89-%D8%A7%D9%84%D9%82%D8%B1%D8%A7%D8%A1%D8%A9-%D8%A8%D9%85%D8%A7%D9%84%D9%8A%D8%B2%D9%8A%D8%A7
3,travel|economy,Intermediate,ارْتِفَاعُ عَائِدَاتِ السِّيَاحَةِ فِي تُونس,Tunisia's Tourism Revenues Rise,177,54,69.3,30.7,5,Y,,https://learning.aljazeera.net/en/languageofmedia/%D8%A7%D8%B1%D8%AA%D9%81%D8%A7%D8%B9-%D8%B9%D8%A7%D8%A6%D8%AF%D8%A7%D8%AA-%D8%A7%D9%84%D8%B3%D9%8A%D8%A7%D8%AD%D8%A9-%D9%81%D9%8A-%D8%AA%D9%88%D9%86%D8%B3
3,technology|travel,Intermediate,الجَزيرَةُ تُنَظّم مُؤْتَمَرًا حَوْل مُسْتَقبَل الإعلام,Al Jazeera hosts a summit on the future of media,94,25,73.1,26.9,2,,,https://learning.aljazeera.net/en/languageofmedia/%D8%A7%D9%84%D8%AC%D8%B2%D9%8A%D8%B1%D8%A9-%D8%AA%D9%86%D8%B8%D9%85-%D9%85%D8%A4%D8%AA%D9%85%D8%B1%D8%A7-%D8%AD%D9%88%D9%84-%D9%85%D8%B3%D8%AA%D9%82%D8%A8%D9%84-%D8%A7%D9%84%D8%A5%D8%B9%D9%84%D8%A7%D9%85
3,literature|education|society,Intermediate,طِفْلٌ سُورِيٌّ يَتَفَوَّقُ في القِرَاءَةِ بِألمانيا,A Syrian child excels in reading in Germany,132,35,73.5,26.5,2,,,https://learning.aljazeera.net/en/languageofmedia/%D8%B7%D9%81%D9%84-%D8%B3%D9%88%D8%B1%D9%8A-%D9%8A%D8%AA%D9%81%D9%88%D9%82-%D9%81%D9%8A-%D8%A7%D9%84%D9%82%D8%B1%D8%A7%D8%A1%D8%A9-%D8%A8%D8%A3%D9%84%D9%85%D8%A7%D9%86%D9%8A%D8%A7
3,education|sports|science|literature,Elementary,جامِعَةُ قَطَر تَفوز بمُناظَراتِ 2017,Qatar University wins the Qatar debate 2017,86,24,72.1,27.9,3,,,https://learning.aljazeera.net/en/languageofmedia/%D8%AC%D8%A7%D9%85%D8%B9%D8%A9-%D9%82%D8%B7%D8%B1-%D8%AA%D9%81%D9%88%D8%B2-%D8%A8%D9%85%D9%86%D8%A7%D8%B8%D8%B1%D8%A7%D8%AA-2017
3,health,Intermediate,تَوْصِيَاتٌ لِلْوِقَايَةِ مِن ارْتِفَاعِ ضَغْطِ الدَّم,Recommendations for preventing hypertension,55,17,69.1,30.9,3,,,https://learning.aljazeera.net/en/languageofmedia/%D8%AA%D9%88%D8%B5%D9%8A%D8%A7%D8%AA-%D9%84%D9%84%D9%88%D9%82%D8%A7%D9%8A%D8%A9-%D9%85%D9%86-%D8%A7%D8%B1%D8%AA%D9%81%D8%A7%D8%B9-%D8%B6%D8%BA%D8%B7-%D8%A7%D9%84%D8%AF%D9%85
3,technology,Intermediate,التَّصَدِّي لِتَهْدِيداتِ جَرائِمِ الْإِنْترنت,Facing the cybercrimes threats,117,32,72.6,27.4,3,,,https://learning.aljazeera.net/en/languageofmedia/%D8%A7%D9%84%D8%AA%D8%B5%D8%AF%D9%8A-%D9%84%D8%AA%D9%87%D8%AF%D9%8A%D8%AF%D8%A7%D8%AA-%D8%AC%D8%B1%D8%A7%D8%A6%D9%85-%D8%A7%D9%84%D8%A5%D9%86%D8%AA%D8%B1%D9%86%D8%AA
3,technology|travel,Intermediate,الجَزِيرَةُ تَحْتَفِلُ بِعِيدِها الـ21,Al Jazeera celebrates its 21st anniversary,113,31,72.6,27.4,3,,,https://learning.aljazeera.net/en/languageofmedia/%D8%A7%D9%84%D8%AC%D8%B2%D9%8A%D8%B1%D8%A9-%D8%AA%D8%AD%D8%AA%D9%81%D9%84-%D8%A8%D8%B9%D9%8A%D8%AF%D9%87%D8%A7-%D8%A7%D9%84%D8%AD%D8%A7%D8%AF%D9%8A-%D9%88%D8%A7%D9%84%D8%B9%D8%B4%D8%B1%D9%8A%D9%86
3,literature,Intermediate,سُقُوطُ شُهُبٍ بِالمَنْطِقَةِ الْعَرَبِيَّةِ,A meteor shower in the Arab region,102,31,68.0,32.0,4,Y,,https://learning.aljazeera.net/en/languageofmedia/%D8%B3%D9%82%D9%88%D8%B7-%D8%B4%D9%87%D8%A8-%D8%A8%D8%A7%D9%84%D9%85%D9%86%D8%B7%D9%82%D8%A9-%D8%A7%D9%84%D8%B9%D8%B1%D8%A8%D9%8A%D8%A9
3,travel|society,Introductory,ما سِرُّ البُحَيْرَةِ الوَرْدِيَّةِ في المَكْسِيك؟,What is the secret of the pink lake in Mexico?,218,67,69.0,31.0,6,Y,Y,https://learning.aljazeera.net/en/languageofmedia/%D9%85%D8%A7-%D8%B3%D8%B1-%D8%A7%D9%84%D8%A8%D8%AD%D9%8A%D8%B1%D8%A9-%D8%A7%D9%84%D9%88%D8%B1%D8%AF%D9%8A%D8%A9-%D9%81%D9%8A-%D8%A7%D9%84%D9%85%D9%83%D8%B3%D9%8A%D9%83
3,health|society|technology|food,Intermediate,نَصَائِحُ لِتَرْبِيَةِ طِفْلٍ يَتَمَتَّعُ بِالصِّحَّةِ,Tips for Raising a Healthy Child,130,39,69.8,30.2,2,Y,,https://learning.aljazeera.net/en/languageofmedia/%D9%86%D8%B5%D8%A7%D8%A6%D8%AD-%D9%84%D8%AA%D8%B1%D8%A8%D9%8A%D8%A9-%D8%B7%D9%81%D9%84-%D9%8A%D8%AA%D9%85%D8%AA%D8%B9-%D8%A8%D8%A7%D9%84%D8%B5%D8%AD%D8%A9
3,health|society,Intermediate,أَرْبَعُ نَصَائِحَ لِمَرْضَى الصُّدَاعِ النّصْفِيِّ,4 tips for migraine sufferers,59,21,64.4,35.6,7,,,https://learning.aljazeera.net/en/languageofmedia/%D8%A3%D8%B1%D8%A8%D8%B9-%D9%86%D8%B5%D8%A7%D8%A6%D8%AD-%D9%84%D9%85%D8%B1%D8%B6%D9%89-%D8%A7%D9%84%D8%B5%D8%AF%D8%A7%D8%B9-%D8%A7%D9%84%D9%86%D8%B5%D9%81%D9%8A
3,religion|travel,Introductory,المَسْجِدُ البِلَّوْرِيُّ في ماليزيا,The Crystal Mosque in Malaysia,142,39,69.0,31.0,3,Y,Y,https://learning.aljazeera.net/en/languageofmedia/%D8%A7%D9%84%D9%85%D8%B3%D8%AC%D8%AF-%D8%A7%D9%84%D8%A8%D9%84%D9%88%D8%B1%D9%8A-%D9%81%D9%8A-%D9%85%D8%A7%D9%84%D9%8A%D8%B2%D9%8A%D8%A7
3,economy,Intermediate,الصِّينُ سَتَشْتَرِي طَائِرَاتٍ بِتِرِيلْيُونِ دُولَارٍ,China to buy planes worth $1 trillion,62,17,72.6,27.4,0,,,https://learning.aljazeera.net/en/languageofmedia/%D8%A7%D9%84%D8%B5%D9%8A%D9%86-%D8%B3%D8%AA%D8%B4%D8%AA%D8%B1%D9%8A-%D8%B7%D8%A7%D8%A6%D8%B1%D8%A7%D8%AA-%D8%A8%D8%AA%D8%B1%D9%8A%D9%84%D9%8A%D9%88%D9%86-%D8%AF%D9%88%D9%84%D8%A7%D8%B1
3,environment|health|society|science|food,Introductory,حَدَائِقُ لِهُوَاةِ الزِّرَاعَةِ في تُركيا,"In Turkey, gardens for amateur gardeners",222,72,67.4,32.6,10,Y,Y,https://learning.aljazeera.net/en/languageofmedia/%D8%AD%D8%AF%D8%A7%D8%A6%D9%82-%D9%84%D9%87%D9%88%D8%A7%D8%A9-%D8%A7%D9%84%D8%B2%D8%B1%D8%A7%D8%B9%D8%A9-%D9%81%D9%8A-%D8%AA%D8%B1%D9%83%D9%8A%D8%A7
3,health,Introductory,التّبَلْدِي.. شَجَرةٌ مُثْمِرةٌ تَعِيشُ مِئاتِ السّنين,The baobab tree lives for hundreds of years,175,51,67.7,32.3,6,Y,Y,https://learning.aljazeera.net/en/languageofmedia/%D8%A7%D9%84%D8%AA%D8%A8%D9%84%D8%AF%D9%8A-%D8%B4%D8%AC%D8%B1%D8%A9-%D9%85%D8%AB%D9%85%D8%B1%D8%A9-%D8%AA%D8%B9%D9%8A%D8%B4-%D9%85%D8%A6%D8%A7%D8%AA-%D8%A7%D9%84%D8%B3%D9%86%D9%8A%D9%86
3,culture|technology,Intermediate,الرَّسْمُ بِالْكَلِمَاتِ فَنٌّ يَتَحَدَّى الحاسُوبَ,Drawing with words: A challenge for computing,94,29,68.8,31.2,2,Y,,https://learning.aljazeera.net/en/languageofmedia/%D8%A7%D9%84%D8%B1%D8%B3%D9%85-%D8%A8%D8%A7%D9%84%D9%83%D9%84%D9%85%D8%A7%D8%AA-%D9%81%D9%86-%D9%8A%D8%AA%D8%AD%D8%AF%D9%89-%D8%A7%D9%84%D8%AD%D8%A7%D8%B3%D9%88%D8%A8
3,health|technology,Intermediate,نَظَّارَاتٌ لِتَفَادِي النَّوْمِ أَثْنَاءَ الْقِيَادَةِ,Glasses with drowsiness detection,86,24,72.1,27.9,2,,,https://learning.aljazeera.net/en/languageofmedia/%D9%86%D8%B8%D8%A7%D8%B1%D8%A7%D8%AA-%D9%84%D8%AA%D9%81%D8%A7%D8%AF%D9%8A-%D8%A7%D9%84%D9%86%D9%88%D9%85-%D8%A3%D8%AB%D9%86%D8%A7%D8%A1-%D8%A7%D9%84%D9%82%D9%8A%D8%A7%D8%AF%D8%A9
3,literature|religion,Intermediate,جَائِزَةُ الشَّيْخِ حَمَد لِلتَّرْجَمَةِ,Sheikh Hamad Award for Translation,187,50,73.3,26.7,1,,,https://learning.aljazeera.net/en/languageofmedia/%D8%AC%D8%A7%D8%A6%D8%B2%D8%A9-%D8%A7%D9%84%D8%B4%D9%8A%D8%AE-%D8%AD%D9%85%D8%AF-%D9%84%D9%84%D8%AA%D8%B1%D8%AC%D9%85%D8%A9-1
3,politics,Intermediate,تُرْكِيا تُقِرُّ التّعاوُنَ العَسْكَرِي مَعَ قَطَر,Turkey approves military cooperation with Qatar,60,22,62.1,37.9,5,Y,,https://learning.aljazeera.net/en/languageofmedia/%D8%AA%D8%B1%D9%83%D9%8A%D8%A7-%D8%AA%D9%82%D8%B1-%D8%A7%D9%84%D8%AA%D8%B9%D8%A7%D9%88%D9%86-%D8%A7%D9%84%D8%B9%D8%B3%D9%83%D8%B1%D9%8A-%D9%85%D8%B9-%D9%82%D8%B7%D8%B1
3,technology,Intermediate,الدِّيتُوكس الرَّقْمِي يَحْمِي دِمَاغَكَ,“Digital Detox” protects your brain,109,33,68.6,31.4,2,Y,,https://learning.aljazeera.net/en/languageofmedia/%D8%A7%D9%84%D8%AF%D9%8A%D8%AA%D9%88%D9%83%D8%B3-%D8%A7%D9%84%D8%B1%D9%82%D9%85%D9%8A-%D9%8A%D8%AD%D9%85%D9%8A-%D8%AF%D9%85%D8%A7%D8%BA%D9%83
3,literature,Intermediate,أَكْبَرُ مَجْمَعٍ لِلُغَةِ الضَّادِ بِمُورِيتَانْيَا,The largest Arab Academy in Mauritania,85,24,71.8,28.2,2,,,https://learning.aljazeera.net/en/languageofmedia/%D8%A3%D9%83%D8%A8%D8%B1-%D9%85%D8%AC%D9%85%D8%B9-%D9%84%D9%84%D8%BA%D8%A9-%D8%A7%D9%84%D8%B6%D8%A7%D8%AF-%D8%A8%D9%85%D9%88%D8%B1%D9%8A%D8%AA%D8%A7%D9%86%D9%8A%D8%A7
3,literature|society|travel,Elementary,أرْدُوغان يُغَرِّدُ بِالْعَرَبِيَّةِ,Erdogan tweets in Arabic,42,14,65.9,34.1,1,Y,,https://learning.aljazeera.net/en/languageofmedia/%D8%A3%D8%B1%D8%AF%D9%88%D8%BA%D8%A7%D9%86-%D9%8A%D8%BA%D8%B1%D8%AF-%D8%A8%D8%A7%D9%84%D8%B9%D8%B1%D8%A8%D9%8A%D8%A9
3,economy|culture,Introductory,لِماذا أصْبَحَ الأوَّلُ مِنْ مايُو عِيدًا لِلْعُمّالِ؟,Why did May 1st become a Labor Day?,109,30,72.5,27.5,1,,Y,https://learning.aljazeera.net/en/languageofmedia/%D9%84%D9%85%D8%A7%D8%B0%D8%A7-%D8%A3%D8%B5%D8%A8%D8%AD-%D8%A7%D9%84%D8%A3%D9%88%D9%84-%D9%85%D9%86-%D9%85%D8%A7%D9%8A%D9%88-%D8%B9%D9%8A%D8%AF%D8%A7-%D9%84%D9%84%D8%B9%D9%85%D8%A7%D9%84
3,environment|technology,Elementary,زِرَاعَةُ الْخَضْرَاوَاتِ عَبْرَ الْهَاتِفِ الذَّكِيِّ,Growing vegetables via a smartphone,30,10,66.7,33.3,2,,,https://learning.aljazeera.net/en/languageofmedia/%D8%B2%D8%B1%D8%A7%D8%B9%D8%A9-%D8%A7%D9%84%D8%AE%D8%B6%D8%B1%D8%A7%D9%88%D8%A7%D8%AA-%D8%B9%D8%A8%D8%B1-%D8%A7%D9%84%D9%87%D8%A7%D8%AA%D9%81-%D8%A7%D9%84%D8%B0%D9%83%D9%8A
3,food,Intermediate,اعْتِدِلُوا فِي اسْتِهْلَاكِ بَدَائِلِ اللُّحُومِ!,Consume the pseudo meat with moderation,69,24,65.2,34.8,6,,,https://learning.aljazeera.net/en/languageofmedia/%D8%A7%D8%B9%D8%AA%D8%AF%D9%84%D9%88%D8%A7-%D9%81%D9%8A-%D8%A7%D8%B3%D8%AA%D9%87%D9%84%D8%A7%D9%83-%D8%A8%D8%AF%D8%A7%D8%A6%D9%84-%D8%A7%D9%84%D9%84%D8%AD%D9%88%D9%85
3,health|economy,Intermediate,زَيْتُ الْأَرْغَان.. الذَّهَبُ السّائلُ,Argan oil: liquid Gold,89,30,65.9,34.1,4,Y,,https://learning.aljazeera.net/en/languageofmedia/%D8%B2%D9%8A%D8%AA-%D8%A7%D9%84%D8%A3%D8%B1%D8%BA%D8%A7%D9%86-%D8%B0%D9%87%D8%A8-%D8%A7%D9%84%D9%85%D8%BA%D8%B1%D8%A8
3,culture|society|history,Intermediate,الفُنُونُ الإسْلامِيَّةُ تَتَعانَقُ في قَصْرِ الأمِيرِ بِالقاهِرَة,Islamic arts get together at the Prince Palace in Cairo,198,55,65.4,34.6,8,Y,,https://learning.aljazeera.net/en/languageofmedia/%D8%A7%D9%84%D9%81%D9%86%D9%88%D9%86-%D8%A7%D9%84%D8%A5%D8%B3%D9%84%D8%A7%D9%85%D9%8A%D8%A9-%D8%AA%D8%AA%D8%B9%D8%A7%D9%86%D9%82-%D9%81%D9%8A-%D9%82%D8%B5%D8%B1-%D8%A7%D9%84%D8%A3%D9%85%D9%8A%D8%B1-%D9%85%D8%AD%D9%85%D8%AF-%D8%B9%D9%84%D9%8A-%D8%A8%D8%A7%D9%84%D9%82%D8%A7%D9%87%D8%B1%D8%A9
3,politics,Intermediate,قِرْغِيزِسْتَانُ تَمْنَعُ الشَّتْمَ,Kyrgyzstan bans insulting,94,29,68.8,31.2,5,,,https://learning.aljazeera.net/en/languageofmedia/%D9%82%D8%B1%D8%BA%D9%8A%D8%B2%D8%B3%D8%AA%D8%A7%D9%86-%D8%AA%D9%85%D9%86%D8%B9-%D8%A7%D9%84%D8%B4%D8%AA%D9%85
3,technology|literature|sports,Intermediate,"الْعَرَبِيَّةُ قَادِمَةٌ إلَى مِنَصّةِ ""إِكس بوكس""",L'arabe bientôt sur Xbox One,97,28,71.1,28.9,2,,,https://learning.aljazeera.net/en/languageofmedia/%D8%A7%D9%84%D8%B9%D8%B1%D8%A8%D9%8A%D8%A9-%D9%82%D8%A7%D8%AF%D9%85%D8%A9-%D8%A5%D9%84%D9%89-%D9%85%D9%86%D8%B5%D8%A9-%D8%A5%D9%83%D8%B3-%D8%A8%D9%88%D9%83%D8%B3
3,literature,Intermediate,غُوغل يَحْتَفِي بِذِكْرَى مِيلَادِ الطَّيِّبِ صَالِح,Google celebrates Tayeb Salih's birthday,97,28,71.1,28.9,2,,,https://learning.aljazeera.net/en/languageofmedia/%D8%BA%D9%88%D8%BA%D9%84-%D9%8A%D8%AD%D8%AA%D9%81%D9%8A-%D8%A8%D8%B0%D9%83%D8%B1%D9%89-%D9%85%D9%8A%D9%84%D8%A7%D8%AF-%D8%A7%D9%84%D8%B7%D9%8A%D8%A8-%D8%B5%D8%A7%D9%84%D8%AD
3,history,Elementary,تُركِيا تَحْتَفِلُ بفَتْح القُسْطنْطينِية,Turkey marks Istanbul's conquest,50,16,66.7,33.3,0,Y,,https://learning.aljazeera.net/en/languageofmedia/%D8%AA%D8%B1%D9%83%D9%8A%D8%A7-%D8%AA%D8%AD%D8%AA%D9%81%D9%84-%D8%A8%D9%81%D8%AA%D8%AD-%D8%A7%D9%84%D9%82%D8%B3%D8%B7%D9%86%D8%B7%D9%8A%D9%86%D9%8A%D8%A9
3,technology|travel,Introductory,مُخْتَرِعٌ فِلِبِّينِيّ يَبْتَكِرُ سَيَّارَةً طائِرَة,A Filipino invents a 'flying car',125,38,69.6,30.4,5,,Y,https://learning.aljazeera.net/en/languageofmedia/%D9%85%D8%AE%D8%AA%D8%B1%D8%B9-%D9%81%D9%84%D8%A8%D9%8A%D9%86%D9%8A-%D9%8A%D8%A8%D8%AA%D9%83%D8%B1-%D8%B3%D9%8A%D8%A7%D8%B1%D8%A9-%D8%B7%D8%A7%D8%A6%D8%B1%D8%A9
3,technology,Intermediate,السَّيَّاراتُ الكَهْرَبائِيَّةُ تَنْتَشِرُ سَرِيعًا,Electric cars are quickly spreading,94,31,66.3,33.7,3,Y,,https://learning.aljazeera.net/en/languageofmedia/%D8%A7%D9%84%D8%B3%D9%8A%D8%A7%D8%B1%D8%A7%D8%AA-%D8%A7%D9%84%D9%83%D9%87%D8%B1%D8%A8%D8%A7%D8%A6%D9%8A%D8%A9-%D8%AA%D9%86%D8%AA%D8%B4%D8%B1-%D8%B3%D8%B1%D9%8A%D8%B9%D8%A7
3,religion,Intermediate,عِيدُ الْفِطْرِ مِسْكُ خِتَامِ شَهْرِ رَمَضَانَ,"Eid Al Fitr, Ramadan ends up in celebrations",85,27,68.2,31.8,5,,,https://learning.aljazeera.net/en/languageofmedia/%D8%B9%D9%8A%D8%AF-%D8%A7%D9%84%D9%81%D8%B7%D8%B1-%D9%85%D8%B3%D9%83-%D8%AE%D8%AA%D8%A7%D9%85-%D8%B4%D9%87%D8%B1-%D8%B1%D9%85%D8%B6%D8%A7%D9%86-1
3,technology,Intermediate,الْإِنْتَرْنِتُ الْخَفِيُّ,The hidden web,108,32,70.4,29.6,3,,,https://learning.aljazeera.net/en/languageofmedia/%D8%A7%D9%84%D8%A5%D9%86%D8%AA%D8%B1%D9%86%D8%AA-%D8%A7%D9%84%D8%AE%D9%81%D9%8A
3,health,Intermediate,الِاكْتِئَابُ قَدْ يَكُونُ مَرَضًا جَسَدِيًّا,Depression may be a physical illness,84,24,71.4,28.6,1,,,https://learning.aljazeera.net/en/languageofmedia/%D8%A7%D9%84%D8%A7%D9%83%D8%AA%D8%A6%D8%A7%D8%A8-%D9%82%D8%AF-%D9%8A%D9%83%D9%88%D9%86-%D9%85%D8%B1%D8%B6%D8%A7-%D8%AC%D8%B3%D8%AF%D9%8A%D8%A7
3,politics|society,Intermediate,دَعَواتٌ لِلتَّظاهُرِ لِرَفْعِ العُقوباتِ عَنْ غَزَّة,Calls to lift sanctions on Gaza,145,45,67.4,32.6,2,Y,,https://learning.aljazeera.net/en/languageofmedia/%D8%AF%D8%B9%D9%88%D8%A7%D8%AA-%D9%84%D9%84%D8%AA%D8%B8%D8%A7%D9%87%D8%B1-%D9%84%D8%B1%D9%81%D8%B9-%D8%A7%D9%84%D8%B9%D9%82%D9%88%D8%A8%D8%A7%D8%AA-%D8%B9%D9%86-%D8%BA%D8%B2%D8%A9
3,history|travel|science,Intermediate,اكْتِشاف آثارٍ تَرْبِطُ أَرِيحَا بِمِصْرَ القَدِيمَة,Artifacts link Jericho to ancient Egypt,129,43,66.1,33.9,4,Y,,https://learning.aljazeera.net/en/languageofmedia/%D8%A7%D9%83%D8%AA%D8%B4%D8%A7%D9%81-%D8%A2%D8%AB%D8%A7%D8%B1-%D8%AA%D8%B1%D8%A8%D8%B7-%D8%A3%D8%B1%D9%8A%D8%AD%D8%A7-%D8%A8%D9%85%D8%B5%D8%B1-%D8%A7%D9%84%D9%82%D8%AF%D9%8A%D9%85%D8%A9
3,travel,Intermediate,تُرْكيا تَجْتَذِبُ مَزِيدًا منَ السُّيَّاح الخَلِيجيّين,Turkey attracts more tourists from the Gulf,81,24,70.4,29.6,2,,,https://learning.aljazeera.net/en/languageofmedia/%D8%AA%D8%B1%D9%83%D9%8A%D8%A7-%D8%AA%D8%AC%D8%AA%D8%B0%D8%A8-%D9%85%D8%B2%D9%8A%D8%AF%D8%A7-%D9%85%D9%86-%D8%A7%D9%84%D8%B3%D9%8A%D8%A7%D8%AD-%D8%A7%D9%84%D8%AE%D9%84%D9%8A%D8%AC%D9%8A%D9%8A%D9%86
3,travel,Intermediate,"الصِّينُ تُطْلِقُ ""قِطَارِهَا السَّمَاوِي""",China launches its 'Skytrain',71,25,64.3,35.7,4,Y,,https://learning.aljazeera.net/en/languageofmedia/%D8%A7%D9%84%D8%B5%D9%8A%D9%86-%D8%AA%D8%B7%D9%84%D9%82-%D9%82%D8%B7%D8%A7%D8%B1%D9%87%D8%A7-%D8%A7%D9%84%D8%B3%D9%85%D8%A7%D9%88%D9%8A
3,history,Introductory,جِسْرٌ عَلَى نَهَرِ درينا!,Mehmed Paša Sokolović Bridge,261,75,68.9,31.1,4,Y,Y,https://learning.aljazeera.net/en/languageofmedia/%D8%AC%D8%B3%D8%B1-%D8%B9%D9%84%D9%89-%D9%86%D9%87%D8%B1-%D8%AF%D8%B1%D9%8A%D9%86%D8%A7
3,science,Intermediate,الْعَبْقَرِي.. دراما تِلِفِزْيُونِيَّة عَن أَينشْتايِن,The genius: a TV series about Albert Einstein,99,33,66.7,33.3,2,Y,,https://learning.aljazeera.net/en/languageofmedia/%D8%A7%D9%84%D8%B9%D8%A8%D9%82%D8%B1%D9%8A-%D8%AF%D8%B1%D8%A7%D9%85%D8%A7-%D8%AA%D9%84%D9%81%D8%B2%D9%8A%D9%88%D9%86%D9%8A%D8%A9-%D8%B9%D9%86-%D8%A3%D9%8A%D9%86%D8%B4%D8%AA%D8%A7%D9%8A%D9%86
3,health,Intermediate,حادِثُ قِطارٍ مُمِيتٌ في مِصْرَ,Deadly train accident in Egypt,90,26,71.1,28.9,1,,,https://learning.aljazeera.net/en/languageofmedia/%D8%AD%D8%A7%D8%AF%D8%AB-%D9%82%D8%B7%D8%A7%D8%B1-%D9%85%D9%85%D9%8A%D8%AA-%D9%81%D9%8A-%D9%85%D8%B5%D8%B1
3,health|environment,Intermediate,الْحَيَوَانَاتُ الْأَلِيفَةُ لِعِلَاجِ الْخَرَفِ,Pets as a treatment for dementia,89,29,66.3,33.7,2,Y,,https://learning.aljazeera.net/en/languageofmedia/%D8%A7%D9%84%D8%AD%D9%8A%D9%88%D8%A7%D9%86%D8%A7%D8%AA-%D8%A7%D9%84%D8%A3%D9%84%D9%8A%D9%81%D8%A9-%D9%84%D8%B9%D9%84%D8%A7%D8%AC-%D8%A7%D9%84%D8%AE%D8%B1%D9%81
3,religion,Intermediate,رَمَضَانُ يُسَاعِدُ عَلَى الإِقْلَاعِ عَنِ التَّدْخِينِ,Ramadan helps to quit smoking,89,26,70.8,29.2,1,,,https://learning.aljazeera.net/en/languageofmedia/%D8%B1%D9%85%D8%B6%D8%A7%D9%86-%D9%8A%D8%B3%D8%A7%D8%B9%D8%AF-%D9%81%D9%8A-%D8%A7%D9%84%D8%A5%D9%82%D9%84%D8%A7%D8%B9-%D8%B9%D9%86-%D8%A7%D9%84%D8%AA%D8%AF%D8%AE%D9%8A%D9%86
3,society,Introductory,رافِيا أَرْشَد.. أَوَّلُ قاضِيَةٍ مُحَجَّبَةٍ في بريطانيا,Raffia Arshad... Britain’s first hijab-wearing judge,158,52,65.3,34.7,5,Y,Y,https://learning.aljazeera.net/en/languageofmedia/%D8%B1%D8%A7%D9%81%D9%8A%D8%A7-%D8%A3%D8%B1%D8%B4%D8%AF-%D8%A3%D9%88%D9%84-%D9%82%D8%A7%D8%B6%D9%8A%D8%A9-%D9%85%D8%AD%D8%AC%D8%A8%D8%A9-%D9%81%D9%8A-%D8%A8%D8%B1%D9%8A%D8%B7%D8%A7%D9%86%D9%8A%D8%A7
3,culture|religion|literature,Intermediate,مَعْرِضٌ للْقُرْآنِ بِوَاشِنْطُن,A Quran exhibition in Washington,167,45,67.2,32.8,1,Y,,https://learning.aljazeera.net/en/languageofmedia/%D9%85%D8%B9%D8%B1%D8%B6-%D9%84%D9%84%D9%82%D8%B1%D8%A2%D9%86-%D8%A8%D9%88%D8%A7%D8%B4%D9%86%D8%B7%D9%86
3,society,Intermediate,حَظْرُ الحَواسِيبِ يُهَدِّدُ رِحْلاتِ رِجالِ الْأَعْمال,Laptops ban threatens business flights,91,28,69.2,30.8,3,,,https://learning.aljazeera.net/en/languageofmedia/%D8%AD%D8%B8%D8%B1-%D8%A7%D9%84%D8%AD%D9%88%D8%A7%D8%B3%D9%8A%D8%A8-%D9%8A%D9%87%D8%AF%D8%AF-%D8%B1%D8%AD%D9%84%D8%A7%D8%AA-%D8%B1%D8%AC%D8%A7%D9%84-%D8%A7%D9%84%D8%A3%D8%B9%D9%85%D8%A7%D9%84
3,technology|travel|science|society,Intermediate,الجَزيرَةُ تُطْلِقُ خِدْمَةً رَقْمِيَّةً صَوْتِية جديدة,Al Jazeera launches a new digital audio service,85,27,68.2,31.8,4,,,https://learning.aljazeera.net/en/languageofmedia/%D8%A7%D9%84%D8%AC%D8%B2%D9%8A%D8%B1%D8%A9-%D8%AA%D8%B7%D9%84%D9%82-%D8%AE%D8%AF%D9%85%D8%A9-%D8%B1%D9%82%D9%85%D9%8A%D8%A9-%D8%B5%D9%88%D8%AA%D9%8A%D8%A9-%D8%AC%D8%AF%D9%8A%D8%AF%D8%A9
3,economy,Intermediate,انْخِفَاضُ مُعَدَّلِ التَّضَخُّمِ فِي السُّودَان,Sudan inflation rate falls,68,22,67.6,32.4,2,,,https://learning.aljazeera.net/en/languageofmedia/%D8%A7%D9%86%D8%AE%D9%81%D8%A7%D8%B6-%D9%85%D8%B9%D8%AF%D9%84-%D8%A7%D9%84%D8%AA%D8%B6%D8%AE%D9%85-%D9%81%D9%8A-%D8%A7%D9%84%D8%B3%D9%88%D8%AF%D8%A7%D9%86
3,society|education,Introductory,المَغارِبَةُ يَسْتَغِلُّونَ الحَجْرَ المَنْزِلِيَّ في التَّعْلِيمِ ورِعايَةِ الأُسْرَةِ,Moroccans take advantage of the confinement to teach and care for the family,203,65,65.8,34.2,5,Y,Y,https://learning.aljazeera.net/en/languageofmedia/%D8%A7%D9%84%D9%85%D8%BA%D8%A7%D8%B1%D8%A8%D8%A9-%D9%8A%D8%B3%D8%AA%D8%BA%D9%84%D9%88%D9%86-%D8%A7%D9%84%D8%AD%D8%AC%D8%B1-%D8%A7%D9%84%D8%B5%D8%AD%D9%8A-%D9%81%D9%8A-%D8%A7%D9%84%D8%AA%D8%B9%D9%84%D9%8A%D9%85-%D9%88%D8%B1%D8%B9%D8%A7%D9%8A%D8%A9-%D8%A7%D9%84%D8%A3%D8%B3%D8%B1%D8%A9
3,politics,Intermediate,الأفْيُونُ يَقْتُلُ 175 أميركِيًّا كُلَّ يَوْمٍ,Opium kills 175 Americans every day,115,39,65.8,34.2,3,Y,,https://learning.aljazeera.net/en/languageofmedia/%D8%A7%D9%84%D8%A3%D9%81%D9%8A%D9%88%D9%86-%D9%8A%D9%82%D8%AA%D9%84-175-%D8%A3%D9%85%D9%8A%D8%B1%D9%83%D9%8A%D8%A7-%D9%83%D9%84-%D9%8A%D9%88%D9%85
3,science,Intermediate,الْبُرُوتِينُ يُحَافِظُ عَلَى كُتْلَةِ الْعَضَلَاتِ,Proteins maintain muscle mass,96,29,69.1,30.9,3,,,https://learning.aljazeera.net/en/languageofmedia/%D8%A7%D9%84%D8%A8%D8%B1%D9%88%D8%AA%D9%8A%D9%86-%D9%8A%D8%AD%D8%A7%D9%81%D8%B8-%D8%B9%D9%84%D9%89-%D9%83%D8%AA%D9%84%D8%A9-%D8%A7%D9%84%D8%B9%D8%B6%D9%84%D8%A7%D8%AA
3,literature|science|politics,Introductory,رَئِيسُ الوُزَرَاءِ الإثْيُوبِيُّ يَفُوزُ بِجَائِزَةِ نُوبل لِلسَّلام,Ethiopia's prime minister Abiy wins Nobel Peace Prize,100,34,65.3,34.7,3,Y,Y,https://learning.aljazeera.net/en/languageofmedia/%D8%B1%D8%A6%D9%8A%D8%B3-%D8%A7%D9%84%D9%88%D8%B2%D8%B1%D8%A7%D8%A1-%D8%A7%D9%84%D8%A5%D8%AB%D9%8A%D9%88%D8%A8%D9%8A-%D9%8A%D9%81%D9%88%D8%B2-%D8%A8%D8%AC%D8%A7%D8%A6%D8%B2%D8%A9-%D9%86%D9%88%D8%A8%D9%84-%D9%84%D9%84%D8%B3%D9%84%D8%A7%D9%85
3,travel,Intermediate,وُصولُ أوَّل باخِرَة عِمْلاقَة بالمَوْسِم السياحي لِقطر,The 1st mega ship of the season arrives in Qatar,104,35,66.0,34.0,2,Y,,https://learning.aljazeera.net/en/languageofmedia/%D9%88%D8%B5%D9%88%D9%84-%D8%A3%D9%88%D9%84-%D8%A8%D8%A7%D8%AE%D8%B1%D8%A9-%D8%B9%D9%85%D9%84%D8%A7%D9%82%D8%A9-%D8%A8%D8%A7%D9%84%D9%85%D9%88%D8%B3%D9%85-%D8%A7%D9%84%D8%B3%D9%8A%D8%A7%D8%AD%D9%8A-%D9%84%D9%82%D8%B7%D8%B1
3,politics,Intermediate,بَلْجِيكَا تَعْتَزِمُ اسْتِجْوَابَ لِيفْنِي,Belgium is to question Tzipi Livni,70,25,63.2,36.8,4,Y,,https://learning.aljazeera.net/en/languageofmedia/%D8%A8%D9%84%D8%AC%D9%8A%D9%83%D8%A7-%D8%AA%D8%B9%D8%AA%D8%B2%D9%85-%D8%A7%D8%B3%D8%AA%D8%AC%D9%88%D8%A7%D8%A8-%D9%84%D9%8A%D9%81%D9%86%D9%8A
3,general,Intermediate,الْحُجَّاجُ الْمُتَعَجِّلُونَ يُغَادِرُونَ مَكَّةَ,Pilgrims leave Mecca,122,42,65.0,35.0,4,Y,,https://learning.aljazeera.net/en/languageofmedia/%D8%A7%D9%84%D8%AD%D8%AC%D8%A7%D8%AC-%D8%A7%D9%84%D9%85%D8%AA%D8%B9%D8%AC%D9%84%D9%88%D9%86-%D9%8A%D8%BA%D8%A7%D8%AF%D8%B1%D9%88%D9%86-%D9%85%D9%83%D8%A9
4,economy,Intermediate,وَارِدَاتُ الذَّهَبِ التُّرْكِيَّةُ تَتَضَاعَفُ,Turkish gold imports multiply,96,29,69.8,30.2,2,,,https://learning.aljazeera.net/en/languageofmedia/%D9%88%D8%A7%D8%B1%D8%AF%D8%A7%D8%AA-%D8%A7%D9%84%D8%B0%D9%87%D8%A8-%D8%A7%D9%84%D8%AA%D8%B1%D9%83%D9%8A%D8%A9-%D8%AA%D8%AA%D8%B6%D8%A7%D8%B9%D9%81
4,literature,Intermediate,"كِتابُ ""نار وغَضَب"" يَتَحَوَّلُ لِمُسَلْسَلٍ تلفزيونيّ","""Fire and Fury"" to Become a TV Series",100,33,67.0,33.0,6,,,https://learning.aljazeera.net/en/languageofmedia/%D9%83%D8%AA%D8%A7%D8%A8-%D9%86%D8%A7%D8%B1-%D9%88%D8%BA%D8%B6%D8%A8-%D9%8A%D8%AA%D8%AD%D9%88%D9%84-%D9%84%D9%85%D8%B3%D9%84%D8%B3%D9%84-%D8%AA%D9%84%D9%81%D8%B2%D9%8A%D9%88%D9%86%D9%8A
4,history|society,Introductory,قُرْطُبَةُ.. حاضِرَةُ الأَنْدَلُسِ الكُبْرَى,Cordoba.. the largest city in Andalusia,182,64,64.0,36.0,8,Y,Y,https://learning.aljazeera.net/en/languageofmedia/%D9%82%D8%B1%D8%B7%D8%A8%D8%A9-%D8%AD%D8%A7%D8%B6%D8%B1%D8%A9-%D8%A7%D9%84%D8%A3%D9%86%D8%AF%D9%84%D8%B3-%D8%A7%D9%84%D9%83%D8%A8%D8%B1%D9%89
4,science,Intermediate,الْأَسْرَى يُهَدِّدُونَ بِتَصْعِيدِ الْإِضْرَاب,Prisoners threaten to intensify strike,91,32,64.8,35.2,3,Y,,https://learning.aljazeera.net/en/languageofmedia/%D8%A7%D9%84%D8%A3%D8%B3%D8%B1%D9%89-%D9%8A%D9%87%D8%AF%D8%AF%D9%88%D9%86-%D8%A8%D8%AA%D8%B5%D8%B9%D9%8A%D8%AF-%D8%A7%D9%84%D8%A5%D8%B6%D8%B1%D8%A7%D8%A8-1
4,literature|health|education,Intermediate,قِصَصُ مَا قَبْلَ النَّوْمِ.. مُتْعَةٌ وَفَوائِد,"bedtime stories, pleasant and beneficial",93,29,68.8,31.2,3,,,https://learning.aljazeera.net/en/languageofmedia/%D9%82%D8%B5%D8%B5-%D9%85%D8%A7-%D9%82%D8%A8%D9%84-%D8%A7%D9%84%D9%86%D9%88%D9%85-%D9%85%D8%AA%D8%B9%D8%A9-%D9%88%D9%81%D9%88%D8%A7%D8%A6%D8%AF-1
4,religion|food,Intermediate,الِاثْنَيْن بِدايَةُ شَهْرِ رَمَضانَ في أَغْلَبِ الدُّوَلِ الإِسْلامِيَّة,Monday is the beginning of Ramadan in most Muslim countries,188,64,65.6,34.4,4,Y,,https://learning.aljazeera.net/en/languageofmedia/%D8%A7%D9%84%D8%A7%D8%AB%D9%86%D9%8A%D9%86-%D8%A8%D8%AF%D8%A7%D9%8A%D8%A9-%D8%B4%D9%87%D8%B1-%D8%B1%D9%85%D8%B6%D8%A7%D9%86-%D9%81%D9%8A-%D8%A3%D8%BA%D9%84%D8%A8-%D8%A7%D9%84%D8%AF%D9%88%D9%84-%D8%A7%D9%84%D8%A5%D8%B3%D9%84%D8%A7%D9%85%D9%8A%D8%A9
4,literature|science|culture,Intermediate,"كتاب: ""أجْدَادُنَا الْعَرَبُ""","Book: ""Our Ancestors the Arabs""",110,34,69.1,30.9,3,,,https://learning.aljazeera.net/en/languageofmedia/%D9%83%D8%AA%D8%A7%D8%A8-%D8%A3%D8%AC%D8%AF%D8%A7%D8%AF%D9%86%D8%A7-%D8%A7%D9%84%D8%B9%D8%B1%D8%A8-1
4,health|food,Intermediate,سِتَّةُ أسْبَابٍ تَدْفَعُ لِتَنَاوُلِ الزَّيْتُونِ,6 good reasons to eat olives regularly,126,38,69.8,30.2,2,,,https://learning.aljazeera.net/en/languageofmedia/%D8%B3%D8%AA%D8%A9-%D8%A3%D8%B3%D8%A8%D8%A7%D8%A8-%D8%AA%D8%AF%D9%81%D8%B9-%D9%84%D8%AA%D9%86%D8%A7%D9%88%D9%84-%D8%A7%D9%84%D8%B2%D9%8A%D8%AA%D9%88%D9%86
4,science,Intermediate,الأرْنَبُ الذَّكِيُّ,Smart Rabbit,261,91,65.0,35.0,28,,,https://learning.aljazeera.net/en/generallanguage/%D8%A7%D9%84%D8%A3%D8%B1%D9%86%D8%A8-%D8%A7%D9%84%D8%B0%D9%83%D9%8A%D8%A9
4,travel|culture,Intermediate,مُتْحَفُ قَطَرَ وَرْدَةُ صَحْرَاء,Qatar Museum.. the Desert Rose,146,45,69.2,30.8,3,,,https://learning.aljazeera.net/en/languageofmedia/%D9%85%D8%AA%D8%AD%D9%81-%D9%82%D8%B7%D8%B1-%D9%88%D8%B1%D8%AF%D8%A9-%D8%A7%D9%84%D8%B5%D8%AD%D8%B1%D8%A7%D8%A1
4,religion|health,Intermediate,خَمْسَةُ أَغْذِيَةٍ يَنْبَغِي تَجَنُّبُهَا في رَمَضان,5 foods to avoid during Ramadan,91,34,61.8,38.2,6,Y,,https://learning.aljazeera.net/en/languageofmedia/%D8%AE%D9%85%D8%B3%D8%A9-%D8%A3%D8%BA%D8%B0%D9%8A%D8%A9-%D9%8A%D9%86%D8%A8%D8%BA%D9%8A-%D8%AA%D8%AC%D9%86%D8%A8%D9%87%D8%A7-%D9%81%D9%8A-%D8%B1%D9%85%D8%B6%D8%A7%D9%86
4,economy,Intermediate,مُتَلَازِمَةُ دَاون,Down Syndrome,76,28,63.2,36.8,8,,,https://learning.aljazeera.net/en/languageofmedia/%D9%85%D8%AA%D9%84%D8%A7%D8%B2%D9%85%D8%A9-%D8%AF%D8%A7%D9%88%D9%86
4,health|economy,Intermediate,إِنْتاجُ أَسْنانٍ جَديدَةٍ بِالطّابِعَةِ الْمُجَسِّمَةِ,3D printed dental implants,81,30,62.0,38.0,5,Y,,https://learning.aljazeera.net/en/languageofmedia/%D8%A5%D9%86%D8%AA%D8%A7%D8%AC-%D8%A3%D8%B3%D9%86%D8%A7%D9%86-%D8%AC%D8%AF%D9%8A%D8%AF%D8%A9-%D8%A8%D8%A7%D9%84%D8%B7%D8%A7%D8%A8%D8%B9%D8%A9-%D8%A7%D9%84%D9%85%D8%AC%D8%B3%D9%85%D8%A9-1
4,society|health,Intermediate,مَنَافِعُ مَشْيِ الْأَطْفَالِ حُفَاةً,How walking barefoot benefits children,100,31,69.0,31.0,2,,,https://learning.aljazeera.net/en/languageofmedia/%D9%85%D9%86%D8%A7%D9%81%D8%B9-%D9%85%D8%B4%D9%8A-%D8%A7%D9%84%D8%A3%D8%B7%D9%81%D8%A7%D9%84-%D8%AD%D9%81%D8%A7%D8%A9
4,religion,Intermediate,المُسْلِمُونَ يَحْتَفِلونَ بِعيدِ الْأَضْحَى,Muslims celebrate Eid Al-Adha,73,24,65.2,34.8,1,Y,,https://learning.aljazeera.net/en/languageofmedia/%D8%A7%D9%84%D9%85%D8%B3%D9%84%D9%85%D9%88%D9%86-%D9%8A%D8%AD%D8%AA%D9%81%D9%84%D9%88%D9%86-%D8%A8%D8%B9%D9%8A%D8%AF-%D8%A7%D9%84%D8%A3%D8%B6%D8%AD%D9%89-%D8%A7%D9%84%D9%85%D8%A8%D8%A7%D8%B1%D9%83
4,sports,Intermediate,أَرْقَامُ مُبْهِرَةٌ لِلرِّيَالِ وَزِيدَانَ,Impressive figures for Zidane and the Real,96,35,63.2,36.8,4,Y,,https://learning.aljazeera.net/en/languageofmedia/%D8%A3%D8%B1%D9%82%D8%A7%D9%85-%D9%85%D8%A8%D9%87%D8%B1%D8%A9-%D9%84%D9%84%D8%B1%D9%8A%D8%A7%D9%84-%D9%88%D8%B2%D9%8A%D8%AF%D8%A7%D9%86
4,science,Intermediate,فَتًى يَتَفَوَّقُ على آينشتاين,A child scores better than Einstein,95,34,63.8,36.2,3,Y,,https://learning.aljazeera.net/en/languageofmedia/%D8%A7%D8%AE%D8%AA%D8%A8%D8%A7%D8%B1-%D9%85%D8%B9%D8%AF%D9%84-%D8%A7%D9%84%D8%B0%D9%83%D8%A7%D8%A1-%D9%81%D8%AA%D9%89-%D9%8A%D8%AA%D9%81%D9%88%D9%82-%D8%B9%D9%84%D9%89-%D8%A2%D9%8A%D9%86%D8%B4%D8%AA%D8%A7%D9%8A%D9%86
4,economy,Intermediate,تويتر تَبْحَثُ عَنْ مُشْتَرٍ,Twitter in search of a buyer!,78,24,69.2,30.8,1,,,https://learning.aljazeera.net/en/languageofmedia/%D8%AA%D9%88%D9%8A%D8%AA%D8%B1-%D8%AA%D8%A8%D8%AD%D8%AB-%D8%B9%D9%86-%D9%85%D8%B4%D8%AA%D8%B1
4,society|politics,Intermediate,حقوق المرأة في تونس,Women's rights in Tunisia,92,29,68.5,31.5,2,,,https://learning.aljazeera.net/en/languageofmedia/%D8%AD%D9%82%D9%88%D9%82-%D8%A7%D9%84%D9%85%D8%B1%D8%A3%D8%A9-%D9%81%D9%8A-%D8%AA%D9%88%D9%86%D8%B3
4,health,Intermediate,اللَّوْزُ قَدْ يَقِي مِنْ أمْراضِ القَلْبِ,Almond could prevent heart disease,81,28,65.0,35.0,1,Y,,https://learning.aljazeera.net/en/languageofmedia/%D8%A7%D9%84%D9%84%D9%88%D8%B2-%D9%82%D8%AF-%D9%8A%D9%82%D9%8A-%D9%85%D9%86-%D8%A3%D9%85%D8%B1%D8%A7%D8%B6-%D8%A7%D9%84%D9%82%D9%84%D8%A8
4,sports,Intermediate,بَرْشَلُونَةُ يُحَقِّقُ مُعْجِزَةً,Barcelona achieves the miracle,93,33,64.1,35.9,2,Y,,https://learning.aljazeera.net/en/languageofmedia/%D8%A8%D8%B1%D8%B4%D9%84%D9%88%D9%86%D8%A9-%D9%8A%D8%AD%D9%82%D9%82-%D9%85%D8%B9%D8%AC%D8%B2%D8%A9
4,history|education,Intermediate,تَجْدِيدُ مَدارِسَ تَارِيخِيّةٍ بِجَامِعَةِ القَرَوِيين,Renovation of historical schools at Qoraweyon,185,63,64.8,35.2,2,Y,,https://learning.aljazeera.net/en/languageofmedia/%D8%AA%D8%AC%D8%AF%D9%8A%D8%AF-%D9%85%D8%AF%D8%A7%D8%B1%D8%B3-%D8%AA%D8%A7%D8%B1%D9%8A%D8%AE%D9%8A%D8%A9-%D8%A8%D8%AC%D8%A7%D9%85%D8%B9%D8%A9-%D8%A7%D9%84%D9%82%D8%B1%D9%88%D9%8A%D9%8A%D9%86-1
4,culture|society|history,Introductory,اخْتِتامُ فَعاليات قَطَر بِمُنتدَى سان بطرسبورغ الثقافي,End of Qatar's activities at the St. Petersburg,242,88,63.2,36.8,8,Y,Y,https://learning.aljazeera.net/en/languageofmedia/%D8%A7%D8%AE%D8%AA%D8%AA%D8%A7%D9%85-%D9%81%D8%B9%D8%A7%D9%84%D9%8A%D8%A7%D8%AA-%D9%82%D8%B7%D8%B1-%D8%A8%D9%85%D9%86%D8%AA%D8%AF%D9%89-%D8%B3%D8%A7%D9%86-%D8%A8%D8%B7%D8%B1%D8%B3%D8%A8%D9%88%D8%B1%D8%BA-%D8%A7%D9%84%D8%AB%D9%82%D8%A7%D9%81%D9%8A
4,culture|religion|history,Introductory,طُوكيُو تحْتَفِلُ بِعِيدِ مِيلادِهَا الـ150,Tokyo celebrates its 150th birthday,187,68,63.6,36.4,5,Y,Y,https://learning.aljazeera.net/en/languageofmedia/%D8%B7%D9%88%D9%83%D9%8A%D9%88-%D8%AA%D8%AD%D8%AA%D9%81%D9%84-%D8%A8%D8%B9%D9%8A%D8%AF-%D9%85%D9%8A%D9%84%D8%A7%D8%AF%D9%87%D8%A7-%D8%A7%D9%84%D9%80150
4,literature|culture,Elementary,الفائِزونَ بِجائِزَةِ كَتارَا لِلرِّوايَةِ العَرَبِيَّة,Laureates of the Katara Prize for Arab novel,117,41,64.0,36.0,2,Y,,https://learning.aljazeera.net/en/languageofmedia/%D8%A7%D9%84%D9%81%D8%A7%D8%A6%D8%B2%D9%88%D9%86-%D8%A8%D8%AC%D8%A7%D8%A6%D8%B2%D8%A9-%D9%83%D8%AA%D8%A7%D8%B1%D8%A7-%D9%84%D9%84%D8%B1%D9%88%D8%A7%D9%8A%D8%A9-%D8%A7%D9%84%D8%B9%D8%B1%D8%A8%D9%8A%D8%A9
4,religion|culture,Intermediate,بَدْءُ الِاحْتِفالِ بِعِيدِ الفِطْرِ فِي العالَمِ الإِسْلامِيّ,The Muslim world starts Eid al-Fitr celebrations,162,57,63.2,36.8,4,Y,,https://learning.aljazeera.net/en/languageofmedia/%D8%A8%D8%AF%D8%A1-%D8%A7%D9%84%D8%A7%D8%AD%D8%AA%D9%81%D8%A7%D9%84-%D8%A8%D8%B9%D9%8A%D8%AF-%D8%A7%D9%84%D9%81%D8%B7%D8%B1-%D9%81%D9%8A-%D8%A7%D9%84%D8%B9%D8%A7%D9%84%D9%85-%D8%A7%D9%84%D8%A5%D8%B3%D9%84%D8%A7%D9%85%D9%8A
4,education|politics,Intermediate,مَجْلِسُ الطُّلَّابِ فِي جَامِعَةِ قَطَرَ,Qatar University student board,58,19,67.2,32.8,0,,,https://learning.aljazeera.net/en/languageofmedia/%D9%85%D8%AC%D9%84%D8%B3-%D8%A7%D9%84%D8%B7%D9%84%D8%A7%D8%A8-%D9%81%D9%8A-%D8%AC%D8%A7%D9%85%D8%B9%D8%A9-%D9%82%D8%B7%D8%B1
4,travel,Intermediate,أَطْوَلُ رِحْلَةِ طَيَرَانٍ تِجَارِيَّةٍ فِي الْعَالَمِ,The world’s longest commercial flight,83,28,64.1,35.9,1,Y,,https://learning.aljazeera.net/en/languageofmedia/%D8%A3%D8%B7%D9%88%D9%84-%D8%B1%D8%AD%D9%84%D8%A9-%D8%B7%D9%8A%D8%B1%D8%A7%D9%86-%D8%AA%D8%AC%D8%A7%D8%B1%D9%8A%D8%A9-%D9%81%D9%8A-%D8%A7%D9%84%D8%B9%D8%A7%D9%84%D9%85
4,economy,Intermediate,الإِماراتُ تَفْرِضُ القِيمَةَ المُضافَةَ على الوَقُود,Emirates: the fuel will be subject to VAT,97,30,68.4,31.6,1,,,https://learning.aljazeera.net/en/languageofmedia/%D8%A7%D9%84%D8%A5%D9%85%D8%A7%D8%B1%D8%A7%D8%AA-%D8%AA%D9%81%D8%B1%D8%B6-%D8%A7%D9%84%D9%82%D9%8A%D9%85%D8%A9-%D8%A7%D9%84%D9%85%D8%B6%D8%A7%D9%81%D8%A9-%D8%B9%D9%84%D9%89-%D8%A7%D9%84%D9%88%D9%82%D9%88%D8%AF
4,food|religion,Elementary,طَعَامٌ وَصِيَامٌ.. شُرْبَةُ الْهَرِيسِ,Ramadan dishes: Harees soup,109,40,63.0,37.0,3,Y,,https://learning.aljazeera.net/en/languageofmedia/%D8%B7%D8%B9%D8%A7%D9%85-%D9%88%D8%B5%D9%8A%D8%A7%D9%85-%D8%B4%D9%88%D8%B1%D8%A8%D8%A9-%D8%A7%D9%84%D9%87%D8%B1%D9%8A%D8%B3
4,religion,Intermediate,صَفْحَةٌ مِن المُصْحَفِ الْأَزْرَقِ بِمَزادٍ في لندن,London: a page from the blue Quran on auction,90,30,65.9,34.1,4,,,https://learning.aljazeera.net/en/languageofmedia/%D8%B5%D9%81%D8%AD%D8%A9-%D9%85%D9%86-%D8%A7%D9%84%D9%85%D8%B5%D8%AD%D9%81-%D8%A7%D9%84%D8%A3%D8%B2%D8%B1%D9%82-%D8%A8%D9%85%D8%B2%D8%A7%D8%AF-%D9%81%D9%8A-%D9%84%D9%86%D8%AF%D9%86
4,religion,Intermediate,الْمُسْلِمُونَ يَحْتَفِلُونَ بِعِيدِ الْأضْحَى,Muslims celebrate Eid-El Adha,71,25,64.8,35.2,0,Y,,https://learning.aljazeera.net/en/languageofmedia/%D8%A7%D9%84%D9%85%D8%B3%D9%84%D9%85%D9%88%D9%86-%D9%8A%D8%AD%D8%AA%D9%81%D9%84%D9%88%D9%86-%D8%A8%D8%B9%D9%8A%D8%AF-%D8%A7%D9%84%D8%A3%D8%B6%D8%AD%D9%89
4,food|environment|politics,Intermediate,حَمْلَةٌ فِي فَرَنْسَا لِمُحَارَبَةِ هَدْرِ الطَّعَامِ,France fights against food waste,107,39,63.2,36.8,2,Y,,https://learning.aljazeera.net/en/languageofmedia/%D8%AD%D9%85%D9%84%D8%A9-%D9%81%D9%8A-%D9%81%D8%B1%D9%86%D8%B3%D8%A7-%D9%84%D9%85%D8%AD%D8%A7%D8%B1%D8%A8%D8%A9-%D9%87%D8%AF%D8%B1-%D8%A7%D9%84%D8%B7%D8%B9%D8%A7%D9%85
4,literature|culture,Elementary,القائِمَةُ المُرَشّحَة لِجائِزَة الرِّوايَةِ العَرَبِية,The selected list for the Arabic novel prize,70,22,68.6,31.4,0,,,https://learning.aljazeera.net/en/languageofmedia/%D8%A7%D9%84%D9%82%D8%A7%D8%A6%D9%85%D8%A9-%D8%A7%D9%84%D9%85%D8%B1%D8%B4%D8%AD%D8%A9-%D9%84%D8%AC%D8%A7%D8%A6%D8%B2%D8%A9-%D8%A7%D9%84%D8%B1%D9%88%D8%A7%D9%8A%D8%A9-%D8%A7%D9%84%D8%B9%D8%B1%D8%A8%D9%8A%D8%A9
4,literature,Intermediate,بَيْنَ جُحَا وَزَوْجَتِهِ,Between Juha and his wife,155,60,61.0,39.0,7,Y,,https://learning.aljazeera.net/en/generallanguage/%D8%A8%D9%8A%D9%86-%D8%AC%D8%AD%D8%A7-%D9%88%D8%B2%D9%88%D8%AC%D8%AA%D9%87
4,science|environment,Intermediate,الكَائنَاتُ الحَيَّةُ الطَّويلَةُ الأعْمار,The longest living organisms (animals),188,69,62.7,37.3,4,Y,,https://learning.aljazeera.net/en/languageofmedia/%D8%A7%D9%84%D9%83%D8%A7%D8%A6%D9%86%D8%A7%D8%AA-%D8%A7%D9%84%D8%B7%D9%88%D9%8A%D9%84%D8%A9-%D8%A7%D9%84%D8%A3%D8%B9%D9%85%D8%A7%D8%B1
4,science,Intermediate,الهِنْدُ تُطْلِقُ 104 أقْمار صِناعِيةٍ دُفْعَةً واحدة,India launches 104 satellites all at once,95,30,67.7,32.3,1,,,https://learning.aljazeera.net/en/languageofmedia/%D8%A7%D9%84%D9%87%D9%86%D8%AF-%D8%AA%D8%B7%D9%84%D9%82-104-%D8%A3%D9%82%D9%85%D8%A7%D8%B1-%D8%A7%D8%B5%D8%B7%D9%86%D8%A7%D8%B9%D9%8A%D8%A9-%D8%AF%D9%81%D8%B9%D8%A9-%D9%88%D8%A7%D8%AD%D8%AF%D8%A9
4,health|science|food,Intermediate,مَخَاطِرُ نَقْصِ الْحَدِيدِ,Risks of iron deficiency,92,33,62.5,37.5,2,Y,,https://learning.aljazeera.net/en/languageofmedia/%D9%85%D8%AE%D8%A7%D8%B7%D8%B1-%D9%86%D9%82%D8%B5-%D8%A7%D9%84%D8%AD%D8%AF%D9%8A%D8%AF
4,travel,Intermediate,تُرْكيا تَبْدَأُ تَرْميمَ جَزيرَةِ سَواكِن السّودانِيّة,Turkey begins the restoration Suakin Island,117,42,63.5,36.5,1,Y,,https://learning.aljazeera.net/en/languageofmedia/%D8%AA%D8%B1%D9%83%D9%8A%D8%A7-%D8%AA%D8%A8%D8%AF%D8%A3-%D8%AA%D8%B1%D9%85%D9%8A%D9%85-%D8%AC%D8%B2%D9%8A%D8%B1%D8%A9-%D8%B3%D9%88%D8%A7%D9%83%D9%86-%D8%A7%D9%84%D8%B3%D9%88%D8%AF%D8%A7%D9%86%D9%8A%D8%A9
4,economy,Intermediate,ارْتِفَاعُ صَادِرَاتِ الْقُطْنِ الْمِصْرِيِّ,Exports of Egyptian cotton increase,83,27,67.5,32.5,1,,,https://learning.aljazeera.net/en/languageofmedia/%D8%A7%D8%B1%D8%AA%D9%81%D8%A7%D8%B9-%D8%B5%D8%A7%D8%AF%D8%B1%D8%A7%D8%AA-%D8%A7%D9%84%D9%82%D8%B7%D9%86-%D8%A7%D9%84%D9%85%D8%B5%D8%B1%D9%8A
4,culture|society,Intermediate,شُبَّانٌ إِيطَالِيُّونَ يَتَضَامَنُونَ مَعَ غَزَّةَ,Italian young people in solidarity with Gaza,90,30,66.7,33.3,2,,,https://learning.aljazeera.net/en/languageofmedia/%D8%B4%D8%A8%D8%A7%D9%86-%D8%A5%D9%8A%D8%B7%D8%A7%D9%84%D9%8A%D9%88%D9%86-%D9%8A%D8%AA%D8%B6%D8%A7%D9%85%D9%86%D9%88%D9%86-%D9%85%D8%B9-%D8%BA%D8%B2%D8%A9
4,society|sports,Intermediate,الدَّوْحَةُ تَحْتَضِنُ المُخَيَّمَ الشَّبَابِيَّ لِلْعَمَلِ التَّطَوُّعِيِّ,Doha embraces the youth camp for voluntary work,114,44,60.7,39.3,5,Y,,https://learning.aljazeera.net/en/languageofmedia/%D8%A7%D9%84%D8%AF%D9%88%D8%AD%D8%A9-%D8%AA%D8%AD%D8%AA%D8%B6%D9%86-%D8%A7%D9%84%D9%85%D8%AE%D9%8A%D9%85-%D8%A7%D9%84%D8%B4%D8%A8%D8%A7%D8%A8%D9%8A-%D9%84%D9%84%D8%B9%D9%85%D9%84-%D8%A7%D9%84%D8%AA%D8%B7%D9%88%D8%B9%D9%8A
4,literature|education,Intermediate,كَتارَا تُصْدِرُ مُذَكِّرَةَ الضّادِ احْتِفاءً بِالْعَرَبِيَّةِ,Katara issues a diary of the Arabic language,166,61,61.1,38.9,6,Y,,https://learning.aljazeera.net/en/languageofmedia/%D9%83%D8%AA%D8%A7%D8%B1%D8%A7-%D8%AA%D8%B5%D8%AF%D8%B1-%D9%85%D8%B0%D9%83%D8%B1%D8%A9-%D8%A7%D9%84%D8%B6%D8%A7%D8%AF-%D8%A7%D8%AD%D8%AA%D9%81%D8%A7%D8%A1-%D8%A8%D8%A7%D9%84%D8%B9%D8%B1%D8%A8%D9%8A%D8%A9-1
4,environment|science|technology,Intermediate,تَخْزِينُ الطَّاقَةِ الشَّمْسِيَّةِ فِي سَائِلٍ,Liquid storage of solar energy,80,29,63.7,36.2,5,,,https://learning.aljazeera.net/en/languageofmedia/%D8%AA%D8%AE%D8%B2%D9%8A%D9%86-%D8%A7%D9%84%D8%B7%D8%A7%D9%82%D8%A9-%D8%A7%D9%84%D8%B4%D9%85%D8%B3%D9%8A%D8%A9-%D9%81%D9%8A-%D8%B3%D8%A7%D8%A6%D9%84
4,travel|economy,Introductory,مَطَارُ إسْطَنْبُولَ الْجَدِيدُ,Istanbul new airport,294,96,65.7,34.3,0,Y,Y,https://learning.aljazeera.net/en/languageofmedia/%D9%85%D8%B7%D8%A7%D8%B1-%D8%A5%D8%B3%D8%B7%D9%86%D8%A8%D9%88%D9%84-%D8%A7%D9%84%D8%AC%D8%AF%D9%8A%D8%AF-1
4,environment|health,Introductory,نَبْتَةُ الْأَرْجَنْتِينِ السِّحْرِيَّةُ,Argentina's magic plant,167,57,65.9,34.1,5,,Y,https://learning.aljazeera.net/en/languageofmedia/%D9%86%D8%A8%D8%AA%D8%A9-%D8%A7%D9%84%D8%A3%D8%B1%D8%AC%D9%86%D8%AA%D9%8A%D9%86-%D8%A7%D9%84%D8%B3%D8%AD%D8%B1%D9%8A%D8%A9-1
4,science,Intermediate,عَدَسَاتٌ لَاصِقَةٌ يُمْكِنُ أَنْ تَرى فِي الظَّلَامِ,Contact lenses that could see in the dark,39,14,64.1,35.9,1,,,https://learning.aljazeera.net/en/languageofmedia/%D8%B9%D8%AF%D8%B3%D8%A7%D8%AA-%D9%84%D8%A7%D8%B5%D9%82%D8%A9-%D9%8A%D9%85%D9%83%D9%86-%D8%A3%D9%86-%D8%AA%D8%B1%D9%89-%D9%81%D9%8A-%D8%A7%D9%84%D8%B8%D9%84%D8%A7%D9%85
4,economy,Intermediate,ارْتِفَاعُ وَارِدَاتِ الْأُرْدُن مِنَ النَّفْطِ بـ21.1%,Jordan's oil imports rise by 21.1%,86,29,66.3,33.7,2,,,https://learning.aljazeera.net/en/languageofmedia/%D8%A7%D8%B1%D8%AA%D9%81%D8%A7%D8%B9-%D9%88%D8%A7%D8%B1%D8%AF%D8%A7%D8%AA-%D8%A7%D9%84%D8%A3%D8%B1%D8%AF%D9%86-%D9%85%D9%86-%D8%A7%D9%84%D9%86%D9%81%D8%B7-%D8%A8%D9%8021-1
4,travel|society,Elementary,مَدِينَةُ الطَّائِفِ تَحْتَفِلُ بِمَوْسِمِ الْوُرُودِ,Taif celebrates its roses season,54,23,57.4,42.6,6,,,https://learning.aljazeera.net/en/languageofmedia/%D9%85%D8%AF%D9%8A%D9%86%D8%A9-%D8%A7%D9%84%D8%B7%D8%A7%D8%A6%D9%81-%D8%AA%D8%AD%D8%AA%D9%81%D9%84-%D8%A8%D9%85%D9%88%D8%B3%D9%85-%D8%A7%D9%84%D9%88%D8%B1%D9%88%D8%AF
4,history|travel,Intermediate,إحْباطُ تَهْرِيب 102 مِن القِطَعِ الأثَرِيَّة المِصْرية,Abortion of smuggling of 102 Egyptian Artifacts,136,45,66.7,33.3,1,,,https://learning.aljazeera.net/en/languageofmedia/%D8%A5%D8%AD%D8%A8%D8%A7%D8%B7-%D8%AA%D9%87%D8%B1%D9%8A%D8%A8-102-%D9%85%D9%86-%D8%A7%D9%84%D9%82%D8%B7%D8%B9-%D8%A7%D9%84%D8%A3%D8%AB%D8%B1%D9%8A%D8%A9-%D8%A7%D9%84%D9%85%D8%B5%D8%B1%D9%8A%D8%A9
4,economy,Intermediate,عَائِدَاتُ الْجَزائِرِ مِن المَحْرُوقاتِ تَرْتَفِعُ 26%,Algeria's oil revenue increase by 26%,74,25,66.2,33.8,1,,,https://learning.aljazeera.net/en/languageofmedia/%D8%B9%D8%A7%D8%A6%D8%AF%D8%A7%D8%AA-%D8%A7%D9%84%D8%AC%D8%B2%D8%A7%D8%A6%D8%B1-%D9%85%D9%86-%D8%A7%D9%84%D9%85%D8%AD%D8%B1%D9%88%D9%82%D8%A7%D8%AA-%D8%AA%D8%B1%D8%AA%D9%81%D8%B9-26
4,travel,Intermediate,القَطَرِيَّةُ تُدَشِّن رِحْلاتٍ مباشرة إلى أضنة التركية,Qatar Airways launches direct flights to Adana,98,35,64.3,35.7,4,,,https://learning.aljazeera.net/en/languageofmedia/%D8%A7%D9%84%D9%82%D8%B7%D8%B1%D9%8A%D8%A9-%D8%AA%D8%AF%D8%B4%D9%86-%D8%B1%D8%AD%D9%84%D8%A7%D8%AA-%D9%85%D8%A8%D8%A7%D8%B4%D8%B1%D8%A9-%D8%A5%D9%84%D9%89-%D8%A3%D8%B6%D9%86%D8%A9-%D8%A7%D9%84%D8%AA%D8%B1%D9%83%D9%8A%D8%A9
4,culture,Intermediate,مِهْرَجَانُ الْجَالِيَاتِ فِي قَطَرَ,Festival of Communities residing in Qatar,135,48,64.4,35.6,5,,,https://learning.aljazeera.net/en/languageofmedia/%D9%85%D9%87%D8%B1%D8%AC%D8%A7%D9%86-%D8%A7%D9%84%D8%AC%D8%A7%D9%84%D9%8A%D8%A7%D8%AA-%D9%81%D9%8A-%D9%82%D8%B7%D8%B1
4,politics,Intermediate,الأمريكيّون يُصَوِّتون في انْتخابات التَّجديد النّصفي,Americans vote in midterm elections,127,50,59.0,41.0,6,Y,,https://learning.aljazeera.net/en/languageofmedia/%D8%A7%D9%84%D8%A3%D9%85%D9%8A%D8%B1%D9%83%D9%8A%D9%88%D9%86-%D9%8A%D8%B5%D9%88%D8%AA%D9%88%D9%86-%D9%81%D9%8A-%D8%A7%D9%86%D8%AA%D8%AE%D8%A7%D8%A8%D8%A7%D8%AA-%D8%A7%D9%84%D8%AA%D8%AC%D8%AF%D9%8A%D8%AF-%D8%A7%D9%84%D9%86%D8%B5%D9%81%D9%8A
4,history|culture,Intermediate,الْعِرَاقُ يَنْتَظِرُ عَوْدَةَ الْآثَارِ الْمَنْهُوبَةِ,Iraq awaits the return of looted artefacts,102,38,62.7,37.3,6,,,https://learning.aljazeera.net/en/languageofmedia/%D8%A7%D9%84%D8%B9%D8%B1%D8%A7%D9%82-%D9%8A%D9%86%D8%AA%D8%B8%D8%B1-%D8%B9%D9%88%D8%AF%D8%A9-%D8%A7%D9%84%D8%A2%D8%AB%D8%A7%D8%B1-%D8%A7%D9%84%D9%85%D9%86%D9%87%D9%88%D8%A8%D8%A9-1
4,sports|literature,Intermediate,تُرْكيَا تَفوزُ بِبُطولَةِ اللُّغَةِ العَرَبِيّة في قطر,Turkey wins Arabic championship in Qatar,109,38,64.8,35.2,3,,,https://learning.aljazeera.net/en/languageofmedia/%D8%AA%D8%B1%D9%83%D9%8A%D8%A7-%D8%AA%D9%81%D9%88%D8%B2-%D8%A8%D8%A8%D8%B7%D9%88%D9%84%D8%A9-%D8%A7%D9%84%D9%84%D8%BA%D8%A9-%D8%A7%D9%84%D8%B9%D8%B1%D8%A8%D9%8A%D8%A9-%D9%81%D9%8A-%D9%82%D8%B7%D8%B1
4,food,Intermediate,المَطْبخُ الماليزيُّ.. امْتِزاجُ في الأذْواقِ والأعْراقِ,The Malaysian cuisine a mix of tastes and races,136,46,66.2,33.8,1,,,https://learning.aljazeera.net/en/languageofmedia/%D8%A7%D9%84%D9%85%D8%B7%D8%A8%D8%AE-%D8%A7%D9%84%D9%85%D8%A7%D9%84%D9%8A%D8%B2%D9%8A-%D9%85%D8%B2%D9%8A%D8%AC-%D9%85%D9%86-%D8%A7%D9%84%D8%A3%D8%B0%D9%88%D8%A7%D9%82-%D9%88%D8%A7%D9%84%D8%A3%D8%B9%D8%B1%D8%A7%D9%82
5,literature|culture|society,Introductory,قِطَّةُ آيا صُوفيا.. ما قِصَّتُها؟,The cat of Hagia Sophia ... What's its story?,182,64,61.2,38.8,2,Y,Y,https://learning.aljazeera.net/en/languageofmedia/%D9%82%D8%B7%D8%A9-%D8%A2%D9%8A%D8%A7-%D8%B5%D9%88%D9%81%D9%8A%D8%A7-%D9%85%D8%A7-%D9%82%D8%B5%D8%AA%D9%87%D8%A7
5,health,Intermediate,إمْكانيّة مُحاكَمَةِ بلير بِسَبَبِ حَرْبِ العِراقِ,Tony Blair could be prosecuted over Iraq war,85,32,62.4,37.6,5,,,https://learning.aljazeera.net/en/languageofmedia/%D8%A5%D9%85%D9%83%D8%A7%D9%86%D9%8A%D8%A9-%D9%85%D8%AD%D8%A7%D9%83%D9%85%D8%A9-%D8%A8%D9%84%D9%8A%D8%B1-%D8%A8%D8%B3%D8%A8%D8%A8-%D8%AD%D8%B1%D8%A8-%D8%A7%D9%84%D8%B9%D8%B1%D8%A7%D9%82
5,sports,Intermediate,ما ذا لَوْ وَاجَهَت الْأَرْجَنْتِينُ الْبُرْتُغَالَ؟,What if Argentina were to face Portugal?,109,38,65.1,34.9,2,,,https://learning.aljazeera.net/en/languageofmedia/%D9%85%D8%A7-%D8%B0%D8%A7-%D9%84%D9%88-%D9%88%D8%A7%D8%AC%D9%87%D8%AA-%D8%A7%D9%84%D8%A3%D8%B1%D8%AC%D9%86%D8%AA%D9%8A%D9%86-%D8%A7%D9%84%D8%A8%D8%B1%D8%AA%D8%BA%D8%A7%D9%84
5,culture|literature|science,Intermediate,مجَلَّةٌ جَدِيدَةٌ مُخْتَصَّةٌ بِالسَّرْدِ الْعَرَبِيّ,A new magazine dedicated to Arab narrative,86,31,64.0,36.0,3,,,https://learning.aljazeera.net/en/languageofmedia/%D9%85%D8%AC%D9%84%D8%A9-%D8%AC%D8%AF%D9%8A%D8%AF%D8%A9-%D9%85%D8%AE%D8%AA%D8%B5%D8%A9-%D8%A8%D8%A7%D9%84%D8%B3%D8%B1%D8%AF-%D8%A7%D9%84%D8%B9%D8%B1%D8%A8%D9%8A
5,society|science,Intermediate,مُرَّاكِشُ أَجْوَدُ مُدُنِ إفْرِيقْيَا لِلْحَيَاةِ,"Marrakech, the best African city for living",72,31,56.9,43.1,5,Y,,https://learning.aljazeera.net/en/languageofmedia/%D9%85%D8%B1%D8%A7%D9%83%D8%B4-%D8%A3%D8%AC%D9%88%D8%AF-%D9%85%D8%AF%D9%86-%D8%A3%D9%81%D8%B1%D9%8A%D9%82%D9%8A%D8%A7-%D9%84%D9%84%D8%AD%D9%8A%D8%A7%D8%A9
5,health,Intermediate,أَوَّلُ لَقَاحٍ لِلْمَلَارِيَا الْعَامَ الْقَادِمَ,The first malaria vaccine next year,93,32,65.6,34.4,1,,,https://learning.aljazeera.net/en/languageofmedia/%D8%A3%D9%88%D9%84-%D9%84%D9%82%D8%A7%D8%AD-%D9%84%D9%84%D9%85%D9%84%D8%A7%D8%B1%D9%8A%D8%A7-%D8%A7%D9%84%D8%B9%D8%A7%D9%85-%D8%A7%D9%84%D9%82%D8%A7%D8%AF%D9%85
5,economy|politics,Intermediate,قطر تَسْمَحُ للمُسْتَثْمِر الأجْنَبِيّ بالتّملّك 100%,Qatar allows 100% foreign investment,76,27,64.5,35.5,2,,,https://learning.aljazeera.net/en/languageofmedia/%D9%82%D8%B7%D8%B1-%D8%AA%D8%B3%D9%85%D8%AD-%D9%84%D9%84%D9%85%D8%B3%D8%AA%D8%AB%D9%85%D8%B1-%D8%A7%D9%84%D8%A3%D8%AC%D9%86%D8%A8%D9%8A-%D8%A8%D8%A7%D9%84%D8%AA%D9%85%D9%84%D9%83-100
5,society|travel|environment,Introductory,جَوْزُ الهِنْدِ بِمَدينَةِ صَلالَة العُمانِيَّة,Coconut in the city of Salalah,195,72,59.6,40.4,5,Y,Y,https://learning.aljazeera.net/en/languageofmedia/%D8%AC%D9%88%D8%B2-%D8%A7%D9%84%D9%87%D9%86%D8%AF-%D8%A8%D9%85%D8%AF%D9%8A%D9%86%D8%A9-%D8%B5%D9%84%D8%A7%D9%84%D8%A9-%D8%A7%D9%84%D8%B9%D9%85%D8%A7%D9%86%D9%8A%D8%A9
5,culture,Intermediate,مُمَثِّلُون سُود مُرَشَّحُونَ لِكُلِّ جَوائِزِ أُوسْكار,Black actors nominated for all Oscars,93,38,59.1,40.9,3,Y,,https://learning.aljazeera.net/en/languageofmedia/%D9%85%D9%85%D8%AB%D9%84%D9%88%D9%86-%D8%B3%D9%88%D8%AF-%D9%85%D8%B1%D8%B4%D8%AD%D9%88%D9%86-%D9%84%D9%83%D9%84-%D8%AC%D9%88%D8%A7%D8%A6%D8%B2-%D8%A3%D9%88%D8%B3%D9%83%D8%A7%D8%B1
5,health|science,Intermediate,13 حَقِيقَةً عَنِ الدِّمَاغِ,13 facts about the brain,100,35,65.0,35.0,1,,,https://learning.aljazeera.net/en/languageofmedia/13-%D8%AD%D9%82%D9%8A%D9%82%D8%A9-%D8%B9%D9%86-%D8%A7%D9%84%D8%AF%D9%85%D8%A7%D8%BA
5,sports,Intermediate,بَرْشَلُونَةُ يُحَقِّقُ مُعْجِزَةً,Barcelona achieves the miracle,92,33,64.1,35.9,2,,,https://learning.aljazeera.net/en/languageofmedia/%D8%A8%D8%B1%D8%B4%D9%84%D9%88%D9%86%D8%A9-%D9%8A%D8%AD%D9%82%D9%82-%D9%85%D8%B9%D8%AC%D8%B2%D8%A9-1
5,economy|environment,Intermediate,,إِطْلَاقُ أَوَّلِ قِطارٍ هَيْدرُوجِينِيٍّ فِي الْعَالَم,110,44,59.6,40.4,2,Y,,https://learning.aljazeera.net/en/languageofmedia/%D8%A5%D8%B7%D9%84%D8%A7%D9%82-%D8%A3%D9%88%D9%84-%D9%82%D8%B7%D8%A7%D8%B1-%D9%87%D9%8A%D8%AF%D8%B1%D9%88%D8%AC%D9%8A%D9%86%D9%8A-%D9%81%D9%8A-%D8%A7%D9%84%D8%B9%D8%A7%D9%84%D9%85
5,environment|economy,Intermediate,الْعِراقُ يَسْمَحُ بِاسْتِيرادِ الْخَضْرَاوَاتِ,Iraq Permits the Import of Vegetables,117,44,62.4,37.6,5,,,https://learning.aljazeera.net/en/languageofmedia/%D8%A7%D9%84%D8%B9%D8%B1%D8%A7%D9%82-%D9%8A%D8%B3%D9%85%D8%AD-%D8%A8%D8%A7%D8%B3%D8%AA%D9%8A%D8%B1%D8%A7%D8%AF-%D8%A7%D9%84%D8%AE%D8%B6%D8%B1%D8%A7%D9%88%D8%A7%D8%AA
5,literature|technology,Intermediate,مَكْتَبَةُ الإسْكَنْدَرِيَّةِ تَحْتَفِلُ بِرُومَا,The Library of Alexandria celebrates Rome,78,32,57.9,42.1,3,Y,,https://learning.aljazeera.net/en/languageofmedia/%D9%85%D9%83%D8%AA%D8%A8%D8%A9-%D8%A7%D9%84%D8%A5%D8%B3%D9%83%D9%86%D8%AF%D8%B1%D9%8A%D8%A9-%D8%AA%D8%AD%D8%AA%D9%81%D9%84-%D8%A8%D8%B1%D9%88%D9%85%D8%A7-1
5,religion,Elementary,ماليزيّة تَطوف العالَم لتصْحيح صُورةِ الإسلام,Around the world to correct the image of Islam,70,25,64.3,35.7,1,,,https://learning.aljazeera.net/en/languageofmedia/%D9%85%D8%A7%D9%84%D9%8A%D8%B2%D9%8A%D8%A9-%D8%AA%D8%B7%D9%88%D9%81-%D8%A7%D9%84%D8%B9%D8%A7%D9%84%D9%85-%D9%84%D8%AA%D8%B5%D8%AD%D9%8A%D8%AD-%D8%B5%D9%88%D8%B1%D8%A9-%D8%A7%D9%84%D8%A5%D8%B3%D9%84%D8%A7%D9%85
5,culture|literature,Intermediate,لَحْنُ الحُرُوفِ.. مَعْرِضٌ لِلْخَطِّ العَرَبِيِّ في غَزَّة,The melody of letters.. An exhibition of Arabic calligraphy in Gaza,280,101,60.2,39.8,9,Y,,https://learning.aljazeera.net/en/languageofmedia/%D9%84%D8%AD%D9%86-%D8%A7%D9%84%D8%AD%D8%B1%D9%88%D9%81-%D9%85%D8%B9%D8%B1%D8%B6-%D9%84%D9%84%D8%AE%D8%B7-%D8%A7%D9%84%D8%B9%D8%B1%D8%A8%D9%8A-%D9%81%D9%8A-%D8%BA%D8%B2%D8%A9
5,technology|economy,Intermediate,"""آبل"" تُطْلِقُ رَسْمِيًّا نِظامَ ""آَي أو أس 11""",Apple releases iOS 11,116,40,65.2,34.8,0,,,https://learning.aljazeera.net/en/languageofmedia/%D8%A2%D8%A8%D9%84-%D8%AA%D8%B7%D9%84%D9%82-%D8%B1%D8%B3%D9%85%D9%8A%D8%A7-%D9%86%D8%B8%D8%A7%D9%85-%D8%A2%D9%8A-%D8%A3%D9%88-%D8%A3%D8%B3-11
5,literature|travel,Intermediate,رِحْلَةُ غُوتَه الْإيطالِيَّةُ تُتَرْجَمُ إلَى العَربية,"Goethe's""Italian Journey"" translated into Arabic",87,35,58.8,41.2,2,Y,,https://learning.aljazeera.net/en/languageofmedia/%D8%B1%D8%AD%D9%84%D8%A9-%D8%BA%D9%88%D8%AA%D9%87-%D8%A7%D9%84%D8%A5%D9%8A%D8%B7%D8%A7%D9%84%D9%8A%D8%A9-%D8%AA%D8%AA%D8%B1%D8%AC%D9%85-%D8%A5%D9%84%D9%89-%D8%A7%D9%84%D8%B9%D8%B1%D8%A8%D9%8A%D8%A9
5,politics|education,Intermediate,حُكُومَةٌ جَدِيدَةٌ فِي الصُّومَالِ,A new government in Somalia,83,29,65.1,34.9,0,,,https://learning.aljazeera.net/en/languageofmedia/%D8%AD%D9%83%D9%88%D9%85%D8%A9-%D8%AC%D8%AF%D9%8A%D8%AF%D8%A9-%D9%81%D9%8A-%D8%A7%D9%84%D8%B5%D9%88%D9%85%D8%A7%D9%84
5,religion|society|culture,Introductory,رَمَضَانُ.. عَادَاتٌ وَطُقُوسٌ,Ramadan rituals and habits ..,117,49,58.1,41.9,10,,Y,https://learning.aljazeera.net/en/languageofmedia/%D8%B1%D9%85%D8%B6%D8%A7%D9%86-%D8%B9%D8%A7%D8%AF%D8%A7%D8%AA-%D9%88%D8%B7%D9%82%D9%88%D8%B3
5,culture,Intermediate,مَعْرِضٌ لِلْحِجَابِ فِي أُوكْرَانْيَا,A Hijab exhibition in Ukraine,91,37,59.3,40.7,6,,,https://learning.aljazeera.net/en/languageofmedia/%D9%85%D8%B9%D8%B1%D8%B6-%D9%84%D9%84%D8%AD%D8%AC%D8%A7%D8%A8-%D9%81%D9%8A-%D8%A3%D9%88%D9%83%D8%B1%D8%A7%D9%86%D9%8A%D8%A7
5,religion,Introductory,مُسْلِمُو الْيَابَانِ يَحْتَفِلُونَ بِرَمَضَانَ,The Muslims of Japan celebrate Ramadan,100,39,61.0,39.0,4,,Y,https://learning.aljazeera.net/en/languageofmedia/%D9%85%D8%B3%D9%84%D9%85%D9%88-%D8%A7%D9%84%D9%8A%D8%A7%D8%A8%D8%A7%D9%86-%D9%8A%D8%AD%D8%AA%D9%81%D9%84%D9%88%D9%86-%D8%A8%D8%B1%D9%85%D8%B6%D8%A7%D9%86-1
5,science,Intermediate,عَلاماتٌ تَحُولُ بَيْنَكَ وَبَيْنَ عالَمِ الثَّراءِ,Reasons why you will never be rich,97,36,62.9,37.1,1,,,https://learning.aljazeera.net/en/languageofmedia/%D8%B9%D9%84%D8%A7%D9%85%D8%A7%D8%AA-%D8%AA%D8%AD%D9%88%D9%84-%D8%A8%D9%8A%D9%86%D9%83-%D9%88%D8%A8%D9%8A%D9%86-%D8%B9%D8%A7%D9%84%D9%85-%D8%A7%D9%84%D8%AB%D8%B1%D8%A7%D8%A1-1
5,environment,Introductory,الأزْهارُ البَرِّيَّةُ تَتَفَتَّحُ بِغَرْبِ أستراليا,Wild flowers blooming in western Australia,361,41,56.4,43.6,6,Y,Y,https://learning.aljazeera.net/en/languageofmedia/%D8%A7%D9%84%D8%A3%D8%B2%D9%87%D8%A7%D8%B1-%D8%A7%D9%84%D8%A8%D8%B1%D9%8A%D8%A9-%D8%AA%D8%AA%D9%81%D8%AA%D8%AD-%D8%A8%D8%BA%D8%B1%D8%A8-%D8%A3%D8%B3%D8%AA%D8%B1%D8%A7%D9%84%D9%8A%D8%A7
5,religion,Introductory,رَحِيلُ إمامِ الـمُقْرِئِينَ الشَّيْخِ الطَّبْلاوِيّ,Leading Quran reciter Sheikh Al Tablawi has passed away,243,71,54.8,45.2,8,Y,Y,https://learning.aljazeera.net/en/languageofmedia/%D8%B1%D8%AD%D9%8A%D9%84-%D8%A5%D9%85%D8%A7%D9%85-%D8%A7%D9%84%D9%85%D9%82%D8%B1%D8%A6%D9%8A%D9%86-%D8%A7%D9%84%D8%B4%D9%8A%D8%AE-%D9%85%D8%AD%D9%85%D8%AF-%D9%85%D8%AD%D9%85%D9%88%D8%AF-%D8%A7%D9%84%D8%B7%D8%A8%D9%84%D8%A7%D9%88%D9%8A
5,religion,Intermediate,الْعالَمُ الإسْلامِيُّ يَحْتَفِلُ بِعِيدِ الْفِطْرِ,Islamic world celebrates Eid al-Fitr,105,45,55.4,44.6,4,Y,,https://learning.aljazeera.net/en/languageofmedia/%D8%A7%D9%84%D8%B9%D8%A7%D9%84%D9%85-%D8%A7%D9%84%D8%A5%D8%B3%D9%84%D8%A7%D9%85%D9%8A-%D9%8A%D8%AD%D8%AA%D9%81%D9%84-%D8%A8%D8%B9%D9%8A%D8%AF-%D8%A7%D9%84%D9%81%D8%B7%D8%B1
5,education,Elementary,مَدْرَسَةٌ لِلضَّحِكِ بِإِثْيُوبْيَا,An Ethiopian school of laughter,43,17,60.5,39.5,0,,,https://learning.aljazeera.net/en/languageofmedia/%D9%85%D8%AF%D8%B1%D8%B3%D8%A9-%D9%84%D9%84%D8%B6%D8%AD%D9%83-%D8%A8%D8%A5%D8%AB%D9%8A%D9%88%D8%A8%D9%8A%D8%A7
5,culture|education,Intermediate,تَزْيِينُ الشَّاحِنَاتِ بِبَاكِسْتَان,Decorating trucks in Pakistan,76,28,62.7,37.3,0,,,https://learning.aljazeera.net/en/languageofmedia/%D8%AA%D8%B2%D9%8A%D9%8A%D9%86-%D8%A7%D9%84%D8%B4%D8%A7%D8%AD%D9%86%D8%A7%D8%AA-%D8%A8%D8%A8%D8%A7%D9%83%D8%B3%D8%AA%D8%A7%D9%86
5,technology|society,Intermediate,روبوتٌ مَنْزِلِيٌّ ذَكِيٌّ,A smart home robot!,103,40,61.2,38.8,2,,,https://learning.aljazeera.net/en/languageofmedia/%D8%B1%D9%88%D8%A8%D9%88%D8%AA-%D9%85%D9%86%D8%B2%D9%84%D9%8A-%D8%B0%D9%83%D9%8A
5,politics,Intermediate,مِصْر تُقِرُّ تَرْسيم الحُدود البَحْرِيّة مَع السّعودية,Riyadh and Cairo demarcate their sea border,72,27,62.5,37.5,0,,,https://learning.aljazeera.net/en/languageofmedia/%D8%A7%D9%84%D8%B1%D9%8A%D8%A7%D8%B6-%D9%88%D8%A7%D9%84%D9%82%D8%A7%D9%87%D8%B1%D8%A9-%D8%AA%D8%B1%D8%B3%D9%85%D8%A7%D9%86-%D8%AD%D8%AF%D9%88%D8%AF%D9%87%D9%85%D8%A7-%D8%A7%D9%84%D8%A8%D8%AD%D8%B1%D9%8A%D8%A9
5,environment|travel,Intermediate,آخِرُ النّاجِينَ مِن حَديقَةِ الحَيَوانِ بِالْمَوْصِلِ,The last survivors of the Mosul zoo,100,40,60.0,40.0,3,,,https://learning.aljazeera.net/en/languageofmedia/%D8%A2%D8%AE%D8%B1-%D8%A7%D9%84%D9%86%D8%A7%D8%AC%D9%8A%D9%86-%D9%85%D9%86-%D8%AD%D8%AF%D9%8A%D9%82%D8%A9-%D8%A7%D9%84%D8%AD%D9%8A%D9%88%D8%A7%D9%86-%D8%A8%D8%A7%D9%84%D9%85%D9%88%D8%B5%D9%84
5,politics,Intermediate,"دَقّاتُ ""بِيغ بن"" تَتَوَقَّفُ أرْبَعَ سَنَوات لِلصّيانة","""Big Ben"" bell to fall silent for four years",111,47,57.7,42.3,7,,,https://learning.aljazeera.net/en/languageofmedia/%D8%AF%D9%82%D8%A7%D8%AA-%D8%A8%D9%8A%D8%BA-%D8%A8%D9%86-%D8%AA%D8%AA%D9%88%D9%82%D9%81-%D8%A3%D8%B1%D8%A8%D8%B9-%D8%B3%D9%86%D9%88%D8%A7%D8%AA-%D9%84%D9%84%D8%B5%D9%8A%D8%A7%D9%86%D8%A9
5,sports,Elementary,الْبِيرُو آخَرُ الْمُتَأَهِّلِينَ لِكَأْسِ الْعالَم,"Peru, the last to qualify for the World Cup",89,36,59.6,40.4,3,,,https://learning.aljazeera.net/en/languageofmedia/%D8%A7%D9%84%D8%A8%D9%8A%D8%B1%D9%88-%D8%A2%D8%AE%D8%B1-%D8%A7%D9%84%D9%85%D8%AA%D8%A3%D9%87%D9%84%D9%8A%D9%86-%D9%84%D9%83%D8%A3%D8%B3-%D8%A7%D9%84%D8%B9%D8%A7%D9%84%D9%85
5,culture|history,Intermediate,أَعْرَقُ مِهْرَجَانٍ لِلْمُوسِيقَى بِلُبْنَان,The most prestigious Music Festival in Lebanon,98,39,60.2,39.8,2,,,https://learning.aljazeera.net/en/languageofmedia/%D8%A3%D8%B9%D8%B1%D9%82-%D9%85%D9%87%D8%B1%D8%AC%D8%A7%D9%86-%D9%84%D9%84%D9%85%D9%88%D8%B3%D9%8A%D9%82%D9%89-%D8%A8%D9%84%D8%A8%D9%86%D8%A7%D9%86
5,technology,Intermediate,الْكَرَاوِيَةُ صَدِيقَةٌ لِلْمَعِدَةِ,Caraway virtues for the stomach,97,44,54.2,45.8,3,Y,,https://learning.aljazeera.net/en/languageofmedia/%D8%A7%D9%84%D9%83%D8%B1%D8%A7%D9%88%D9%8A%D8%A9-%D8%B5%D8%AF%D9%8A%D9%82%D8%A9-%D9%84%D9%84%D9%85%D8%B9%D8%AF%D8%A9
5,culture,Elementary,الدَّوْحَةُ تُحْيِي تُراثَهَا الْبَحْرِي,Doha revives its maritime heritage,53,24,54.7,45.3,3,,,https://learning.aljazeera.net/en/languageofmedia/%D8%A7%D9%84%D8%AF%D9%88%D8%AD%D8%A9-%D8%AA%D8%AD%D9%8A%D9%8A-%D8%AA%D8%B1%D8%A7%D8%AB%D9%87%D8%A7-%D8%A7%D9%84%D8%A8%D8%AD%D8%B1%D9%8A
5,economy,Intermediate,4000 بَقَرَة عَبْرَ جِسْرٍ جَوِّيٍّ لِقَطَرَ,4000 cows by airbridge to Qatar,86,37,57.0,43.0,5,,,https://learning.aljazeera.net/en/languageofmedia/4000-%D8%A8%D9%82%D8%B1%D8%A9-%D8%B9%D8%A8%D8%B1-%D8%AC%D8%B3%D8%B1-%D8%AC%D9%88%D9%8A-%D9%84%D9%82%D8%B7%D8%B1
5,society,Intermediate,عَمَلِيّةُ السَّلامِ مِنَ الْبِدايَةِ حَتّى النِّهايَةِ,The peace process from beginning to end,41,17,58.5,41.5,0,,,https://learning.aljazeera.net/en/languageofmedia/%D8%B9%D9%85%D9%84%D9%8A%D8%A9-%D8%A7%D9%84%D8%B3%D9%84%D8%A7%D9%85-%D9%85%D9%86-%D8%A7%D9%84%D8%A8%D8%AF%D8%A7%D9%8A%D8%A9-%D8%AD%D8%AA%D9%89-%D8%A7%D9%84%D9%86%D9%87%D8%A7%D9%8A%D8%A9
5,sports|history,Intermediate,فَوْزٌ تَارِيخِيٌّ لِتشَاد عَلَى مِصْر,A historic victory of Chad over Egypt,73,29,60.3,39.7,0,,,https://learning.aljazeera.net/en/languageofmedia/%D9%81%D9%88%D8%B2-%D8%AA%D8%A7%D8%B1%D9%8A%D8%AE%D9%8A-%D9%84%D8%AA%D8%B4%D8%A7%D8%AF-%D8%B9%D9%84%D9%89-%D9%85%D8%B5%D8%B1
5,literature|society,Elementary,تَزَوَّجْتُ بَدَوِيًّا,Married to a Bedouin,74,34,52.8,47.2,2,Y,,https://learning.aljazeera.net/en/languageofmedia/%D8%AA%D8%B2%D9%88%D8%AC%D8%AA-%D8%A8%D8%AF%D9%88%D9%8A%D8%A7
5,food|economy|travel|environment,Intermediate,زَيْتُ الطَّعَامِ يُسَيِّرُ الطَّائِرَاتِ,Cooking oil as aviation fuel,97,41,57.7,42.3,3,,,https://learning.aljazeera.net/en/languageofmedia/%D8%B2%D9%8A%D8%AA-%D8%A7%D9%84%D8%B7%D8%B9%D8%A7%D9%85-%D9%8A%D8%B3%D9%8A%D8%B1-%D8%A7%D9%84%D8%B7%D8%A7%D8%A6%D8%B1%D8%A7%D8%AA
5,culture,Intermediate,كتارا تَحْتَفِلُ بِالْيَوْمِ الْوَطَنِيِّ لِقَطَر,Katara celebrates Qatar National Day,91,39,56.7,43.3,4,,,https://learning.aljazeera.net/en/languageofmedia/%D9%83%D8%AA%D8%A7%D8%B1%D8%A7-%D8%AA%D8%AD%D8%AA%D9%81%D9%84-%D8%A8%D8%A7%D9%84%D9%8A%D9%88%D9%85-%D8%A7%D9%84%D9%88%D8%B7%D9%86%D9%8A-%D9%84%D9%82%D8%B7%D8%B1
5,travel|environment,Introductory,أهَمُّ الْـمَنَاطِقِ السِّيَاحِيَّةِ فِي الْأَرْجَنْتِين,Main tourist sites in Argentina,216,89,58.8,41.2,3,,Y,https://learning.aljazeera.net/en/languageofmedia/%D8%A3%D9%87%D9%85-%D8%A7%D9%84%D9%85%D9%86%D8%A7%D8%B7%D9%82-%D8%A7%D9%84%D8%B3%D9%8A%D8%A7%D8%AD%D9%8A%D8%A9-%D9%81%D9%8A-%D8%A7%D9%84%D8%A3%D8%B1%D8%AC%D9%86%D8%AA%D9%8A%D9%86
5,politics,Intermediate,سُلَّمُ جَدِيدٌ للرَّوَاتِبِ يُثِيرُ حَفِيظَةَ العِراقِيين,A new salary scale upsets Iraqis,75,36,51.4,48.6,3,Y,,https://learning.aljazeera.net/en/languageofmedia/%D8%B3%D9%84%D9%85-%D8%B1%D9%88%D8%A7%D8%AA%D8%A8-%D8%AC%D8%AF%D9%8A%D8%AF-%D9%8A%D8%AB%D9%8A%D8%B1-%D8%AD%D9%81%D9%8A%D8%B8%D8%A9-%D8%A7%D9%84%D8%B9%D8%B1%D8%A7%D9%82%D9%8A%D9%8A%D9%86
5,environment,Intermediate,الْجَفَافُ يُهَدِّدُ بُحَيْرَةَ تشَاد,Lake Chad threatened by drought,110,50,54.5,45.5,8,,,https://learning.aljazeera.net/en/languageofmedia/%D8%A7%D9%84%D8%AC%D9%81%D8%A7%D9%81-%D9%8A%D9%87%D8%AF%D8%AF-%D8%A8%D8%AD%D9%8A%D8%B1%D8%A9-%D8%AA%D8%B4%D8%A7%D8%AF
5,health,Elementary,أَغْذِيَةٌ لِتَقْوِيَّةِ الْمَنَاعَةِ فِي الشِّتَاءِ,Foods that support the immune system in winter,96,47,49.5,50.5,5,Y,,https://learning.aljazeera.net/en/languageofmedia/%D8%A3%D8%BA%D8%B0%D9%8A%D8%A9-%D9%84%D8%AA%D9%82%D9%88%D9%8A%D8%A9-%D8%A7%D9%84%D9%85%D9%86%D8%A7%D8%B9%D8%A9-%D9%81%D9%8A-%D8%A7%D9%84%D8%B4%D8%AA%D8%A7%D8%A1
5,food|health,Introductory,طَعامٌ وَصِيامٌ.. بَقْلاوَةُ البُوسْنَة,Food and fasting .. The Bosnian baklava,103,46,55.3,44.7,4,,Y,https://learning.aljazeera.net/en/languageofmedia/%D8%B7%D8%B9%D8%A7%D9%85-%D9%88%D8%B5%D9%8A%D8%A7%D9%85-%D8%A8%D9%82%D9%84%D8%A7%D9%88%D8%A9-%D8%A7%D9%84%D8%A8%D9%88%D8%B3%D9%86%D8%A9
5,history|literature|health|politics|education,Introductory,شَخْصِيّاتٌ أَنْدَلُسِيَّةٌ,Famous Andalusian personalities,284,113,52.9,47.1,7,Y,Y,https://learning.aljazeera.net/en/languageofmedia/%D8%B4%D8%AE%D8%B5%D9%8A%D8%A7%D8%AA-%D8%A3%D9%86%D8%AF%D9%84%D8%B3%D9%8A%D8%A9
5,culture|literature,Introductory,النَّشْرَةُ الثَّقَافِيَّة,The Cultural Newsletter,79,37,53.2,46.8,5,,Y,https://learning.aljazeera.net/en/languageofmedia/%D8%A7%D9%84%D9%86%D8%B4%D8%B1%D8%A9-%D8%A7%D9%84%D8%AB%D9%82%D8%A7%D9%81%D9%8A%D8%A9
5,culture|literature,Intermediate,مِهْرَجانُ أَجْيال السّينمائيّ يُفْتَتَح بِفيلم المعيل,Ajyal Film Festival opens with “The breadwinner”,131,57,55.8,44.2,3,,,https://learning.aljazeera.net/en/languageofmedia/%D9%85%D9%87%D8%B1%D8%AC%D8%A7%D9%86-%D8%A3%D8%AC%D9%8A%D8%A7%D9%84-%D8%A7%D9%84%D8%B3%D9%8A%D9%86%D9%85%D8%A7%D8%A6%D9%8A-%D9%8A%D9%81%D8%AA%D8%AA%D8%AD-%D8%A8%D9%81%D9%8A%D9%84%D9%85-%D8%A7%D9%84%D9%85%D8%B9%D9%8A%D9%84
5,literature|culture,Intermediate,مَكْتَبَةُ الْإِسْكَنْدَرِيّةِ تَكْشِفُ عَن كُنُوزِهَا,Library of Alexandria unveils its treasures,86,38,55.8,44.2,2,,,https://learning.aljazeera.net/en/languageofmedia/%D9%85%D9%83%D8%AA%D8%A8%D8%A9-%D8%A7%D9%84%D8%A5%D8%B3%D9%83%D9%86%D8%AF%D8%B1%D9%8A%D8%A9-%D8%AA%D9%83%D8%B4%D9%81-%D8%B9%D9%86-%D9%83%D9%86%D9%88%D8%B2%D9%87%D8%A7
5,technology|literature,Introductory,,كتابة الهمزة في آخر الكلمة,95,39,49.4,50.6,0,Y,Y,https://learning.aljazeera.net/en/generallanguage/%D9%83%D8%AA%D8%A7%D8%A8%D8%A9-%D8%A7%D9%84%D9%87%D9%85%D8%B2%D8%A9-%D9%81%D9%8A-%D8%A2%D8%AE%D8%B1-%D8%A7%D9%84%D9%83%D9%84%D9%85%D8%A9
5,science|technology,Intermediate,مِجْهَرٌ إلِكْتِرُونِيّ يَمْنَحُ نُوبَلَ لِلْكِيمْيَاء,Nobel in Chemistry for an electron microscope,111,51,54.1,45.9,1,,,https://learning.aljazeera.net/en/languageofmedia/%D9%85%D8%AC%D9%87%D8%B1-%D8%A5%D9%84%D9%83%D8%AA%D8%B1%D9%88%D9%86%D9%8A-%D9%8A%D9%85%D9%86%D8%AD-%D9%86%D9%88%D8%A8%D9%84-%D9%84%D9%84%D9%83%D9%8A%D9%85%D9%8A%D8%A7%D8%A1
5,environment,Intermediate,بَيْنَ أَرْنَبٍ وَثَعْلَبٍ!,Between a rabbit and a fox,175,89,49.1,50.9,7,,,https://learning.aljazeera.net/en/generallanguage/%D8%A8%D9%8A%D9%86-%D8%A3%D8%B1%D9%86%D8%A8-%D9%88%D8%AB%D8%B9%D9%84%D8%A8
5,technology|sports|environment,Intermediate,مِيدَالْياتُ أُولُمْبِياد 2020 مِن هَواتِف مُدَوَّرَة,The 2020 Olympics medals in recycled materials,94,46,51.1,48.9,1,,,https://learning.aljazeera.net/en/languageofmedia/%D9%85%D9%8A%D8%AF%D8%A7%D9%84%D9%8A%D8%A7%D8%AA-%D8%A3%D9%88%D9%84%D9%85%D8%A8%D9%8A%D8%A7%D8%AF-2020-%D9%85%D9%86-%D9%87%D9%88%D8%A7%D8%AA%D9%81-%D9%85%D8%AF%D9%88%D8%B1%D8%A9
5,health|food,Elementary,الْقَرْنَبِيطُ غِذَاءٌ قَلِيلُ السُّعْرَاتِ,The cauliflower: a low-calorie food,33,19,42.4,57.6,1,,,https://learning.aljazeera.net/en/languageofmedia/%D8%A7%D9%84%D9%82%D8%B1%D9%86%D8%A8%D9%8A%D8%B7-%D8%BA%D8%B0%D8%A7%D8%A1-%D9%82%D9%84%D9%8A%D9%84-%D8%A7%D9%84%D8%B3%D8%B9%D8%B1%D8%A7%D8%AA
